partido_id;a;b;prob
ARG_ALG;0;0;0,0904
ARG_ALG;0;1;0,0539
ARG_ALG;0;2;0,024
ARG_ALG;0;3;0,0061
ARG_ALG;0;4;0,0012
ARG_ALG;1;0;0,1334
ARG_ALG;1;1;0,1177
ARG_ALG;1;2;0,0418
ARG_ALG;1;3;0,0107
ARG_ALG;1;4;0,002
ARG_ALG;2;0;0,1237
ARG_ALG;2;1;0,0948
ARG_ALG;2;2;0,0364
ARG_ALG;2;3;0,0093
ARG_ALG;2;4;0,0018
ARG_ALG;3;0;0,0717
ARG_ALG;3;1;0,055
ARG_ALG;3;2;0,0211
ARG_ALG;3;3;0,0054
ARG_ALG;3;4;0,001
ARG_ALG;4;0;0,0312
ARG_ALG;4;1;0,0239
ARG_ALG;4;2;0,0092
ARG_ALG;4;3;0,0023
ARG_ALG;5;0;0,0109
ARG_ALG;5;1;0,0083
ARG_ALG;5;2;0,0032
ARG_ALG;6;0;0,0031
ARG_ALG;6;1;0,0024
ARG_AUT;0;0;0,078
ARG_AUT;0;1;0,0595
ARG_AUT;0;2;0,0344
ARG_AUT;0;3;0,0115
ARG_AUT;0;4;0,0029
ARG_AUT;1;0;0,1063
ARG_AUT;1;1;0,1247
ARG_AUT;1;2;0,0577
ARG_AUT;1;3;0,0192
ARG_AUT;1;4;0,0048
ARG_AUT;2;0;0,097
ARG_AUT;2;1;0,0969
ARG_AUT;2;2;0,0484
ARG_AUT;2;3;0,0161
ARG_AUT;2;4;0,004
ARG_AUT;3;0;0,0543
ARG_AUT;3;1;0,0542
ARG_AUT;3;2;0,0271
ARG_AUT;3;3;0,009
ARG_AUT;3;4;0,0023
ARG_AUT;4;0;0,0228
ARG_AUT;4;1;0,0228
ARG_AUT;4;2;0,0114
ARG_AUT;4;3;0,0038
ARG_AUT;5;0;0,0076
ARG_AUT;5;1;0,0076
ARG_AUT;5;2;0,0038
ARG_AUT;5;3;0,0013
ARG_AUT;6;0;0,0021
ARG_AUT;6;1;0,0021
ARG_AUT;6;2;0,0011
ARG_JOR;0;0;0,0663
ARG_JOR;0;1;0,0398
ARG_JOR;0;2;0,0193
ARG_JOR;0;3;0,0052
ARG_JOR;0;4;0,0011
ARG_JOR;1;0;0,1113
ARG_JOR;1;1;0,1042
ARG_JOR;1;2;0,0391
ARG_JOR;1;3;0,0106
ARG_JOR;1;4;0,0021
ARG_JOR;2;0;0,1208
ARG_JOR;2;1;0,098
ARG_JOR;2;2;0,0398
ARG_JOR;2;3;0,0107
ARG_JOR;2;4;0,0022
ARG_JOR;3;0;0,0818
ARG_JOR;3;1;0,0664
ARG_JOR;3;2;0,0269
ARG_JOR;3;3;0,0073
ARG_JOR;3;4;0,0015
ARG_JOR;4;0;0,0415
ARG_JOR;4;1;0,0337
ARG_JOR;4;2;0,0137
ARG_JOR;4;3;0,0037
ARG_JOR;5;0;0,0169
ARG_JOR;5;1;0,0137
ARG_JOR;5;2;0,0056
ARG_JOR;5;3;0,0015
ARG_JOR;6;0;0,0057
ARG_JOR;6;1;0,0046
ARG_JOR;6;2;0,0019
AUS_TUR;0;0;0,0895
AUS_TUR;0;1;0,0976
AUS_TUR;0;2;0,0731
AUS_TUR;0;3;0,0331
AUS_TUR;0;4;0,0112
AUS_TUR;0;5;0,0031
AUS_TUR;1;0;0,0832
AUS_TUR;1;1;0,1369
AUS_TUR;1;2;0,0861
AUS_TUR;1;3;0,039
AUS_TUR;1;4;0,0132
AUS_TUR;1;5;0,0036
AUS_TUR;2;0;0,055
AUS_TUR;2;1;0,0746
AUS_TUR;2;2;0,0507
AUS_TUR;2;3;0,0229
AUS_TUR;2;4;0,0078
AUS_TUR;2;5;0,0021
AUS_TUR;3;0;0,0216
AUS_TUR;3;1;0,0293
AUS_TUR;3;2;0,0199
AUS_TUR;3;3;0,009
AUS_TUR;3;4;0,0031
AUS_TUR;4;0;0,0063
AUS_TUR;4;1;0,0086
AUS_TUR;4;2;0,0058
AUS_TUR;4;3;0,0026
AUS_TUR;5;0;0,0015
AUS_TUR;5;1;0,002
AUS_TUR;5;2;0,0014
AUS_USA;0;0;0,0612
AUS_USA;0;1;0,0623
AUS_USA;0;2;0,0489
AUS_USA;0;3;0,0223
AUS_USA;0;4;0,0076
AUS_USA;0;5;0,0021
AUS_USA;1;0;0,0736
AUS_USA;1;1;0,1223
AUS_USA;1;2;0,0776
AUS_USA;1;3;0,0354
AUS_USA;1;4;0,0121
AUS_USA;1;5;0,0033
AUS_USA;2;0;0,0656
AUS_USA;2;1;0,0898
AUS_USA;2;2;0,0615
AUS_USA;2;3;0,0281
AUS_USA;2;4;0,0096
AUS_USA;2;5;0,0026
AUS_USA;3;0;0,0347
AUS_USA;3;1;0,0475
AUS_USA;3;2;0,0325
AUS_USA;3;3;0,0149
AUS_USA;3;4;0,0051
AUS_USA;3;5;0,0014
AUS_USA;4;0;0,0137
AUS_USA;4;1;0,0188
AUS_USA;4;2;0,0129
AUS_USA;4;3;0,0059
AUS_USA;4;4;0,002
AUS_USA;5;0;0,0044
AUS_USA;5;1;0,006
AUS_USA;5;2;0,0041
AUS_USA;5;3;0,0019
AUS_USA;6;0;0,0012
AUS_USA;6;1;0,0016
AUS_USA;6;2;0,0011
AUT_ALG;0;0;0,0483
AUT_ALG;0;1;0,0471
AUT_ALG;0;2;0,038
AUT_ALG;0;3;0,0174
AUT_ALG;0;4;0,006
AUT_ALG;0;5;0,0016
AUT_ALG;1;0;0,0659
AUT_ALG;1;1;0,11
AUT_ALG;1;2;0,07
AUT_ALG;1;3;0,0321
AUT_ALG;1;4;0,011
AUT_ALG;1;5;0,003
AUT_ALG;2;0;0,0682
AUT_ALG;2;1;0,0938
AUT_ALG;2;2;0,0645
AUT_ALG;2;3;0,0296
AUT_ALG;2;4;0,0102
AUT_ALG;2;5;0,0028
AUT_ALG;3;0;0,0419
AUT_ALG;3;1;0,0576
AUT_ALG;3;2;0,0396
AUT_ALG;3;3;0,0182
AUT_ALG;3;4;0,0062
AUT_ALG;3;5;0,0017
AUT_ALG;4;0;0,0193
AUT_ALG;4;1;0,0266
AUT_ALG;4;2;0,0183
AUT_ALG;4;3;0,0084
AUT_ALG;4;4;0,0029
AUT_ALG;5;0;0,0071
AUT_ALG;5;1;0,0098
AUT_ALG;5;2;0,0067
AUT_ALG;5;3;0,0031
AUT_ALG;5;4;0,0011
AUT_ALG;6;0;0,0022
AUT_ALG;6;1;0,003
AUT_ALG;6;2;0,0021
BRA_SCO;0;0;0,0964
BRA_SCO;0;1;0,0933
BRA_SCO;0;2;0,0624
BRA_SCO;0;3;0,0251
BRA_SCO;0;4;0,0076
BRA_SCO;0;5;0,0018
BRA_SCO;1;0;0,0971
BRA_SCO;1;1;0,1398
BRA_SCO;1;2;0,078
BRA_SCO;1;3;0,0313
BRA_SCO;1;4;0,0094
BRA_SCO;1;5;0,0023
BRA_SCO;2;0;0,0671
BRA_SCO;2;1;0,0808
BRA_SCO;2;2;0,0487
BRA_SCO;2;3;0,0195
BRA_SCO;2;4;0,0059
BRA_SCO;2;5;0,0014
BRA_SCO;3;0;0,0279
BRA_SCO;3;1;0,0336
BRA_SCO;3;2;0,0203
BRA_SCO;3;3;0,0081
BRA_SCO;3;4;0,0024
BRA_SCO;4;0;0,0087
BRA_SCO;4;1;0,0105
BRA_SCO;4;2;0,0063
BRA_SCO;4;3;0,0025
BRA_SCO;5;0;0,0022
BRA_SCO;5;1;0,0026
BRA_SCO;5;2;0,0016
CAN_BIH;0;0;0,0303
CAN_BIH;0;1;0,0272
CAN_BIH;0;2;0,0233
CAN_BIH;0;3;0,0108
CAN_BIH;0;4;0,0038
CAN_BIH;0;5;0,001
CAN_BIH;1;0;0,0501
CAN_BIH;1;1;0,0848
CAN_BIH;1;2;0,0547
CAN_BIH;1;3;0,0254
CAN_BIH;1;4;0,0088
CAN_BIH;1;5;0,0025
CAN_BIH;2;0;0,0661
CAN_BIH;2;1;0,0921
CAN_BIH;2;2;0,0642
CAN_BIH;2;3;0,0298
CAN_BIH;2;4;0,0104
CAN_BIH;2;5;0,0029
CAN_BIH;3;0;0,0518
CAN_BIH;3;1;0,0721
CAN_BIH;3;2;0,0502
CAN_BIH;3;3;0,0233
CAN_BIH;3;4;0,0081
CAN_BIH;3;5;0,0023
CAN_BIH;4;0;0,0304
CAN_BIH;4;1;0,0423
CAN_BIH;4;2;0,0295
CAN_BIH;4;3;0,0137
CAN_BIH;4;4;0,0048
CAN_BIH;4;5;0,0013
CAN_BIH;5;0;0,0143
CAN_BIH;5;1;0,0199
CAN_BIH;5;2;0,0138
CAN_BIH;5;3;0,0064
CAN_BIH;5;4;0,0022
CAN_BIH;6;0;0,0056
CAN_BIH;6;1;0,0078
CAN_BIH;6;2;0,0054
CAN_BIH;6;3;0,0025
CAN_SUI;0;0;0,0612
CAN_SUI;0;1;0,0695
CAN_SUI;0;2;0,0593
CAN_SUI;0;3;0,0298
CAN_SUI;0;4;0,0112
CAN_SUI;0;5;0,0034
CAN_SUI;1;0;0,0663
CAN_SUI;1;1;0,1229
CAN_SUI;1;2;0,0858
CAN_SUI;1;3;0,0432
CAN_SUI;1;4;0,0163
CAN_SUI;1;5;0,0049
CAN_SUI;1;6;0,0012
CAN_SUI;2;0;0,0546
CAN_SUI;2;1;0,0824
CAN_SUI;2;2;0,0621
CAN_SUI;2;3;0,0312
CAN_SUI;2;4;0,0118
CAN_SUI;2;5;0,0036
CAN_SUI;3;0;0,0263
CAN_SUI;3;1;0,0397
CAN_SUI;3;2;0,03
CAN_SUI;3;3;0,0151
CAN_SUI;3;4;0,0057
CAN_SUI;3;5;0,0017
CAN_SUI;4;0;0,0095
CAN_SUI;4;1;0,0144
CAN_SUI;4;2;0,0108
CAN_SUI;4;3;0,0055
CAN_SUI;4;4;0,0021
CAN_SUI;5;0;0,0028
CAN_SUI;5;1;0,0042
CAN_SUI;5;2;0,0031
CAN_SUI;5;3;0,0016
CAN_SUI;6;1;0,001
CIV_ECU;0;0;0,0745
CIV_ECU;0;1;0,0648
CIV_ECU;0;2;0,0425
CIV_ECU;0;3;0,0162
CIV_ECU;0;4;0,0046
CIV_ECU;0;5;0,0011
CIV_ECU;1;0;0,094
CIV_ECU;1;1;0,1277
CIV_ECU;1;2;0,0676
CIV_ECU;1;3;0,0258
CIV_ECU;1;4;0,0074
CIV_ECU;1;5;0,0017
CIV_ECU;2;0;0,0823
CIV_ECU;2;1;0,0941
CIV_ECU;2;2;0,0538
CIV_ECU;2;3;0,0205
CIV_ECU;2;4;0,0059
CIV_ECU;2;5;0,0013
CIV_ECU;3;0;0,0437
CIV_ECU;3;1;0,0499
CIV_ECU;3;2;0,0285
CIV_ECU;3;3;0,0109
CIV_ECU;3;4;0,0031
CIV_ECU;4;0;0,0174
CIV_ECU;4;1;0,0199
CIV_ECU;4;2;0,0114
CIV_ECU;4;3;0,0043
CIV_ECU;4;4;0,0012
CIV_ECU;5;0;0,0055
CIV_ECU;5;1;0,0063
CIV_ECU;5;2;0,0036
CIV_ECU;5;3;0,0014
CIV_ECU;6;0;0,0015
CIV_ECU;6;1;0,0017
CIV_GER;0;0;0,0384
CIV_GER;0;1;0,054
CIV_GER;0;2;0,0605
CIV_GER;0;3;0,0398
CIV_GER;0;4;0,0196
CIV_GER;0;5;0,0078
CIV_GER;0;6;0,0026
CIV_GER;1;0;0,0393
CIV_GER;1;1;0,0995
CIV_GER;1;2;0,091
CIV_GER;1;3;0,0598
CIV_GER;1;4;0,0295
CIV_GER;1;5;0,0117
CIV_GER;1;6;0,0038
CIV_GER;2;0;0,0351
CIV_GER;2;1;0,0693
CIV_GER;2;2;0,0683
CIV_GER;2;3;0,045
CIV_GER;2;4;0,0222
CIV_GER;2;5;0,0088
CIV_GER;2;6;0,0029
CIV_GER;3;0;0,0176
CIV_GER;3;1;0,0347
CIV_GER;3;2;0,0342
CIV_GER;3;3;0,0225
CIV_GER;3;4;0,0111
CIV_GER;3;5;0,0044
CIV_GER;3;6;0,0014
CIV_GER;4;0;0,0066
CIV_GER;4;1;0,013
CIV_GER;4;2;0,0129
CIV_GER;4;3;0,0085
CIV_GER;4;4;0,0042
CIV_GER;4;5;0,0016
CIV_GER;5;0;0,002
CIV_GER;5;1;0,0039
CIV_GER;5;2;0,0039
CIV_GER;5;3;0,0025
CIV_GER;5;4;0,0013
COD_COL;0;0;0,0584
COD_COL;0;1;0,0863
COD_COL;0;2;0,0896
COD_COL;0;3;0,0566
COD_COL;0;4;0,0268
COD_COL;0;5;0,0101
COD_COL;0;6;0,0032
COD_COL;1;0;0,0469
COD_COL;1;1;0,1131
COD_COL;1;2;0,0991
COD_COL;1;3;0,0626
COD_COL;1;4;0,0296
COD_COL;1;5;0,0112
COD_COL;1;6;0,0035
COD_COL;2;0;0,0306
COD_COL;2;1;0,0579
COD_COL;2;2;0,0548
COD_COL;2;3;0,0346
COD_COL;2;4;0,0164
COD_COL;2;5;0,0062
COD_COL;2;6;0,002
COD_COL;3;0;0,0113
COD_COL;3;1;0,0213
COD_COL;3;2;0,0202
COD_COL;3;3;0,0128
COD_COL;3;4;0,006
COD_COL;3;5;0,0023
COD_COL;4;0;0,0031
COD_COL;4;1;0,0059
COD_COL;4;2;0,0056
COD_COL;4;3;0,0035
COD_COL;4;4;0,0017
COD_COL;5;1;0,0013
COD_COL;5;2;0,0012
COD_POR;0;0;0,0324
COD_POR;0;1;0,0435
COD_POR;0;2;0,0496
COD_POR;0;3;0,0326
COD_POR;0;4;0,0161
COD_POR;0;5;0,0063
COD_POR;0;6;0,0021
COD_POR;1;0;0,0367
COD_POR;1;1;0,0926
COD_POR;1;2;0,0845
COD_POR;1;3;0,0555
COD_POR;1;4;0,0273
COD_POR;1;5;0,0108
COD_POR;1;6;0,0035
COD_POR;2;0;0,037
COD_POR;2;1;0,073
COD_POR;2;2;0,0719
COD_POR;2;3;0,0472
COD_POR;2;4;0,0233
COD_POR;2;5;0,0092
COD_POR;2;6;0,003
COD_POR;3;0;0,021
COD_POR;3;1;0,0414
COD_POR;3;2;0,0408
COD_POR;3;3;0,0268
COD_POR;3;4;0,0132
COD_POR;3;5;0,0052
COD_POR;3;6;0,0017
COD_POR;4;0;0,0089
COD_POR;4;1;0,0176
COD_POR;4;2;0,0174
COD_POR;4;3;0,0114
COD_POR;4;4;0,0056
COD_POR;4;5;0,0022
COD_POR;5;0;0,003
COD_POR;5;1;0,006
COD_POR;5;2;0,0059
COD_POR;5;3;0,0039
COD_POR;5;4;0,0019
COD_POR;6;1;0,0017
COD_POR;6;2;0,0017
COD_POR;6;3;0,0011
COD_UZB;0;0;0,0862
COD_UZB;0;1;0,1023
COD_UZB;0;2;0,0826
COD_UZB;0;3;0,0405
COD_UZB;0;4;0,0149
COD_UZB;0;5;0,0044
COD_UZB;0;6;0,0011
COD_UZB;1;0;0,0742
COD_UZB;1;1;0,1337
COD_UZB;1;2;0,0911
COD_UZB;1;3;0,0447
COD_UZB;1;4;0,0164
COD_UZB;1;5;0,0048
COD_UZB;1;6;0,0012
COD_UZB;2;0;0,0464
COD_UZB;2;1;0,0683
COD_UZB;2;2;0,0502
COD_UZB;2;3;0,0246
COD_UZB;2;4;0,0091
COD_UZB;2;5;0,0027
COD_UZB;3;0;0,0171
COD_UZB;3;1;0,0251
COD_UZB;3;2;0,0185
COD_UZB;3;3;0,0091
COD_UZB;3;4;0,0033
COD_UZB;4;0;0,0047
COD_UZB;4;1;0,0069
COD_UZB;4;2;0,0051
COD_UZB;4;3;0,0025
COD_UZB;5;0;0,001
COD_UZB;5;1;0,0015
COD_UZB;5;2;0,0011
COL_POR;0;0;0,0635
COL_POR;0;1;0,0828
COL_POR;0;2;0,0774
COL_POR;0;3;0,0435
COL_POR;0;4;0,0184
COL_POR;0;5;0,0062
COL_POR;0;6;0,0017
COL_POR;1;0;0,0578
COL_POR;1;1;0,1216
COL_POR;1;2;0,0949
COL_POR;1;3;0,0534
COL_POR;1;4;0,0225
COL_POR;1;5;0,0076
COL_POR;1;6;0,0021
COL_POR;2;0;0,0409
COL_POR;2;1;0,069
COL_POR;2;2;0,0582
COL_POR;2;3;0,0327
COL_POR;2;4;0,0138
COL_POR;2;5;0,0047
COL_POR;2;6;0,0013
COL_POR;3;0;0,0167
COL_POR;3;1;0,0282
COL_POR;3;2;0,0238
COL_POR;3;3;0,0134
COL_POR;3;4;0,0056
COL_POR;3;5;0,0019
COL_POR;4;0;0,0051
COL_POR;4;1;0,0086
COL_POR;4;2;0,0073
COL_POR;4;3;0,0041
COL_POR;4;4;0,0017
COL_POR;5;0;0,0013
COL_POR;5;1;0,0021
COL_POR;5;2;0,0018
COL_POR;5;3;0,001
COL_UZB;0;0;0,0248
COL_UZB;0;1;0,022
COL_UZB;0;2;0,0198
COL_UZB;0;3;0,0095
COL_UZB;0;4;0,0034
COL_UZB;1;0;0,043
COL_UZB;1;1;0,0755
COL_UZB;1;2;0,0502
COL_UZB;1;3;0,0241
COL_UZB;1;4;0,0087
COL_UZB;1;5;0,0025
COL_UZB;2;0;0,0615
COL_UZB;2;1;0,0884
COL_UZB;2;2;0,0636
COL_UZB;2;3;0,0305
COL_UZB;2;4;0,0109
COL_UZB;2;5;0,0031
COL_UZB;3;0;0,0519
COL_UZB;3;1;0,0746
COL_UZB;3;2;0,0536
COL_UZB;3;3;0,0257
COL_UZB;3;4;0,0092
COL_UZB;3;5;0,0027
COL_UZB;4;0;0,0328
COL_UZB;4;1;0,0472
COL_UZB;4;2;0,0339
COL_UZB;4;3;0,0163
COL_UZB;4;4;0,0058
COL_UZB;4;5;0,0017
COL_UZB;5;0;0,0166
COL_UZB;5;1;0,0239
COL_UZB;5;2;0,0172
COL_UZB;5;3;0,0082
COL_UZB;5;4;0,003
COL_UZB;6;0;0,007
COL_UZB;6;1;0,0101
COL_UZB;6;2;0,0072
COL_UZB;6;3;0,0035
COL_UZB;6;4;0,0012
CPV_ESP;0;0;0,0415
CPV_ESP;0;1;0,0854
CPV_ESP;0;2;0,1165
CPV_ESP;0;3;0,0992
CPV_ESP;0;4;0,0633
CPV_ESP;0;5;0,0323
CPV_ESP;0;6;0,0138
CPV_ESP;1;0;0,0226
CPV_ESP;1;1;0,0782
CPV_ESP;1;2;0,0925
CPV_ESP;1;3;0,0787
CPV_ESP;1;4;0,0503
CPV_ESP;1;5;0,0257
CPV_ESP;1;6;0,0109
CPV_ESP;2;0;0,0113
CPV_ESP;2;1;0,0288
CPV_ESP;2;2;0,0367
CPV_ESP;2;3;0,0313
CPV_ESP;2;4;0,02
CPV_ESP;2;5;0,0102
CPV_ESP;2;6;0,0043
CPV_ESP;3;0;0,003
CPV_ESP;3;1;0,0076
CPV_ESP;3;2;0,0097
CPV_ESP;3;3;0,0083
CPV_ESP;3;4;0,0053
CPV_ESP;3;5;0,0027
CPV_ESP;3;6;0,0011
CPV_ESP;4;1;0,0015
CPV_ESP;4;2;0,0019
CPV_ESP;4;3;0,0016
CPV_ESP;4;4;0,001
CPV_URU;0;0;0,0866
CPV_URU;0;1;0,1191
CPV_URU;0;2;0,1066
CPV_URU;0;3;0,059
CPV_URU;0;4;0,0245
CPV_URU;0;5;0,0081
CPV_URU;0;6;0,0022
CPV_URU;1;0;0,0604
CPV_URU;1;1;0,125
CPV_URU;1;2;0,096
CPV_URU;1;3;0,0531
CPV_URU;1;4;0,0221
CPV_URU;1;5;0,0073
CPV_URU;1;6;0,002
CPV_URU;2;0;0,0314
CPV_URU;2;1;0,0521
CPV_URU;2;2;0,0433
CPV_URU;2;3;0,0239
CPV_URU;2;4;0,0099
CPV_URU;2;5;0,0033
CPV_URU;3;0;0,0094
CPV_URU;3;1;0,0157
CPV_URU;3;2;0,013
CPV_URU;3;3;0,0072
CPV_URU;3;4;0,003
CPV_URU;4;0;0,0021
CPV_URU;4;1;0,0035
CPV_URU;4;2;0,0029
CPV_URU;4;3;0,0016
CRO_ENG;0;0;0,039
CRO_ENG;0;1;0,052
CRO_ENG;0;2;0,0562
CRO_ENG;0;3;0,0354
CRO_ENG;0;4;0,0167
CRO_ENG;0;5;0,0063
CRO_ENG;0;6;0,002
CRO_ENG;1;0;0,0421
CRO_ENG;1;1;0,1011
CRO_ENG;1;2;0,0884
CRO_ENG;1;3;0,0556
CRO_ENG;1;4;0,0263
CRO_ENG;1;5;0,0099
CRO_ENG;1;6;0,0031
CRO_ENG;2;0;0,039
CRO_ENG;2;1;0,0737
CRO_ENG;2;2;0,0696
CRO_ENG;2;3;0,0438
CRO_ENG;2;4;0,0207
CRO_ENG;2;5;0,0078
CRO_ENG;2;6;0,0025
CRO_ENG;3;0;0,0205
CRO_ENG;3;1;0,0387
CRO_ENG;3;2;0,0365
CRO_ENG;3;3;0,023
CRO_ENG;3;4;0,0109
CRO_ENG;3;5;0,0041
CRO_ENG;3;6;0,0013
CRO_ENG;4;0;0,0081
CRO_ENG;4;1;0,0152
CRO_ENG;4;2;0,0144
CRO_ENG;4;3;0,009
CRO_ENG;4;4;0,0043
CRO_ENG;4;5;0,0016
CRO_ENG;5;0;0,0025
CRO_ENG;5;1;0,0048
CRO_ENG;5;2;0,0045
CRO_ENG;5;3;0,0028
CRO_ENG;5;4;0,0013
CRO_ENG;6;1;0,0013
CRO_ENG;6;2;0,0012
CUR_CIV;0;0;0,0327
CUR_CIV;0;1;0,0402
CUR_CIV;0;2;0,0431
CUR_CIV;0;3;0,0263
CUR_CIV;0;4;0,012
CUR_CIV;0;5;0,0044
CUR_CIV;0;6;0,0013
CUR_CIV;1;0;0,0403
CUR_CIV;1;1;0,0934
CUR_CIV;1;2;0,0791
CUR_CIV;1;3;0,0483
CUR_CIV;1;4;0,0221
CUR_CIV;1;5;0,0081
CUR_CIV;1;6;0,0025
CUR_CIV;2;0;0,0433
CUR_CIV;2;1;0,0793
CUR_CIV;2;2;0,0726
CUR_CIV;2;3;0,0443
CUR_CIV;2;4;0,0203
CUR_CIV;2;5;0,0074
CUR_CIV;2;6;0,0023
CUR_CIV;3;0;0,0265
CUR_CIV;3;1;0,0485
CUR_CIV;3;2;0,0444
CUR_CIV;3;3;0,0271
CUR_CIV;3;4;0,0124
CUR_CIV;3;5;0,0045
CUR_CIV;3;6;0,0014
CUR_CIV;4;0;0,0122
CUR_CIV;4;1;0,0222
CUR_CIV;4;2;0,0204
CUR_CIV;4;3;0,0124
CUR_CIV;4;4;0,0057
CUR_CIV;4;5;0,0021
CUR_CIV;5;0;0,0045
CUR_CIV;5;1;0,0082
CUR_CIV;5;2;0,0075
CUR_CIV;5;3;0,0046
CUR_CIV;5;4;0,0021
CUR_CIV;6;0;0,0014
CUR_CIV;6;1;0,0025
CUR_CIV;6;2;0,0023
CUR_CIV;6;3;0,0014
CUR_ECU;0;0;0,0723
CUR_ECU;0;1;0,1288
CUR_ECU;0;2;0,1415
CUR_ECU;0;3;0,0983
CUR_ECU;0;4;0,0512
CUR_ECU;0;5;0,0213
CUR_ECU;0;6;0,0074
CUR_ECU;1;0;0,0355
CUR_ECU;1;1;0,0957
CUR_ECU;1;2;0,0923
CUR_ECU;1;3;0,0641
CUR_ECU;1;4;0,0334
CUR_ECU;1;5;0,0139
CUR_ECU;1;6;0,0048
CUR_ECU;2;0;0,0139
CUR_ECU;2;1;0,0289
CUR_ECU;2;2;0,0301
CUR_ECU;2;3;0,0209
CUR_ECU;2;4;0,0109
CUR_ECU;2;5;0,0045
CUR_ECU;2;6;0,0016
CUR_ECU;3;0;0,003
CUR_ECU;3;1;0,0063
CUR_ECU;3;2;0,0066
CUR_ECU;3;3;0,0045
CUR_ECU;3;4;0,0024
CUR_ECU;4;1;0,001
CUR_ECU;4;2;0,0011
CUR_GER;0;0;0,0352
CUR_GER;0;1;0,0733
CUR_GER;0;2;0,1049
CUR_GER;0;3;0,0931
CUR_GER;0;4;0,0619
CUR_GER;0;5;0,033
CUR_GER;0;6;0,0146
CUR_GER;1;0;0,0205
CUR_GER;1;1;0,0747
CUR_GER;1;2;0,092
CUR_GER;1;3;0,0816
CUR_GER;1;4;0,0543
CUR_GER;1;5;0,0289
CUR_GER;1;6;0,0128
CUR_GER;2;0;0,0114
CUR_GER;2;1;0,0303
CUR_GER;2;2;0,0404
CUR_GER;2;3;0,0358
CUR_GER;2;4;0,0238
CUR_GER;2;5;0,0127
CUR_GER;2;6;0,0056
CUR_GER;3;0;0,0033
CUR_GER;3;1;0,0089
CUR_GER;3;2;0,0118
CUR_GER;3;3;0,0105
CUR_GER;3;4;0,007
CUR_GER;3;5;0,0037
CUR_GER;3;6;0,0016
CUR_GER;4;1;0,0019
CUR_GER;4;2;0,0026
CUR_GER;4;3;0,0023
CUR_GER;4;4;0,0015
ECU_GER;0;0;0,0753
ECU_GER;0;1;0,0941
ECU_GER;0;2;0,0815
ECU_GER;0;3;0,0427
ECU_GER;0;4;0,0168
ECU_GER;0;5;0,0053
ECU_GER;0;6;0,0014
ECU_GER;1;0;0,0661
ECU_GER;1;1;0,1285
ECU_GER;1;2;0,0936
ECU_GER;1;3;0,0491
ECU_GER;1;4;0,0193
ECU_GER;1;5;0,0061
ECU_GER;1;6;0,0016
ECU_GER;2;0;0,0434
ECU_GER;2;1;0,0683
ECU_GER;2;2;0,0538
ECU_GER;2;3;0,0282
ECU_GER;2;4;0,0111
ECU_GER;2;5;0,0035
ECU_GER;3;0;0,0166
ECU_GER;3;1;0,0262
ECU_GER;3;2;0,0206
ECU_GER;3;3;0,0108
ECU_GER;3;4;0,0042
ECU_GER;3;5;0,0013
ECU_GER;4;0;0,0048
ECU_GER;4;1;0,0075
ECU_GER;4;2;0,0059
ECU_GER;4;3;0,0031
ECU_GER;4;4;0,0012
ECU_GER;5;0;0,0011
ECU_GER;5;1;0,0017
ECU_GER;5;2;0,0014
EGY_BEL;0;0;0,0558
EGY_BEL;0;1;0,0803
EGY_BEL;0;2;0,0829
EGY_BEL;0;3;0,0516
EGY_BEL;0;4;0,0241
EGY_BEL;0;5;0,009
EGY_BEL;0;6;0,0028
EGY_BEL;1;0;0,0477
EGY_BEL;1;1;0,1132
EGY_BEL;1;2;0,098
EGY_BEL;1;3;0,0611
EGY_BEL;1;4;0,0285
EGY_BEL;1;5;0,0107
EGY_BEL;1;6;0,0033
EGY_BEL;2;0;0,0332
EGY_BEL;2;1;0,062
EGY_BEL;2;2;0,0579
EGY_BEL;2;3;0,0361
EGY_BEL;2;4;0,0169
EGY_BEL;2;5;0,0063
EGY_BEL;2;6;0,002
EGY_BEL;3;0;0,0131
EGY_BEL;3;1;0,0244
EGY_BEL;3;2;0,0228
EGY_BEL;3;3;0,0142
EGY_BEL;3;4;0,0066
EGY_BEL;3;5;0,0025
EGY_BEL;4;0;0,0039
EGY_BEL;4;1;0,0072
EGY_BEL;4;2;0,0068
EGY_BEL;4;3;0,0042
EGY_BEL;4;4;0,002
EGY_BEL;5;1;0,0017
EGY_BEL;5;2;0,0016
FRA_NOR;0;0;0,0278
FRA_NOR;0;1;0,0316
FRA_NOR;0;2;0,0334
FRA_NOR;0;3;0,0197
FRA_NOR;0;4;0,0087
FRA_NOR;0;5;0,0031
FRA_NOR;1;0;0,0385
FRA_NOR;1;1;0,0854
FRA_NOR;1;2;0,0697
FRA_NOR;1;3;0,041
FRA_NOR;1;4;0,0181
FRA_NOR;1;5;0,0064
FRA_NOR;1;6;0,0019
FRA_NOR;2;0;0,0467
FRA_NOR;2;1;0,0824
FRA_NOR;2;2;0,0726
FRA_NOR;2;3;0,0427
FRA_NOR;2;4;0,0188
FRA_NOR;2;5;0,0066
FRA_NOR;2;6;0,0019
FRA_NOR;3;0;0,0324
FRA_NOR;3;1;0,0572
FRA_NOR;3;2;0,0504
FRA_NOR;3;3;0,0296
FRA_NOR;3;4;0,0131
FRA_NOR;3;5;0,0046
FRA_NOR;3;6;0,0014
FRA_NOR;4;0;0,0169
FRA_NOR;4;1;0,0298
FRA_NOR;4;2;0,0263
FRA_NOR;4;3;0,0154
FRA_NOR;4;4;0,0068
FRA_NOR;4;5;0,0024
FRA_NOR;5;0;0,007
FRA_NOR;5;1;0,0124
FRA_NOR;5;2;0,0109
FRA_NOR;5;3;0,0064
FRA_NOR;5;4;0,0028
FRA_NOR;5;5;0,001
FRA_NOR;6;0;0,0024
FRA_NOR;6;1;0,0043
FRA_NOR;6;2;0,0038
FRA_NOR;6;3;0,0022
GHA_CRO;0;0;0,0757
GHA_CRO;0;1;0,1136
GHA_CRO;0;2;0,1114
GHA_CRO;0;3;0,0677
GHA_CRO;0;4;0,0309
GHA_CRO;0;5;0,0113
GHA_CRO;0;6;0,0034
GHA_CRO;1;0;0,0505
GHA_CRO;1;1;0,1164
GHA_CRO;1;2;0,0983
GHA_CRO;1;3;0,0597
GHA_CRO;1;4;0,0272
GHA_CRO;1;5;0,0099
GHA_CRO;1;6;0,003
GHA_CRO;2;0;0,0261
GHA_CRO;2;1;0,0476
GHA_CRO;2;2;0,0434
GHA_CRO;2;3;0,0263
GHA_CRO;2;4;0,012
GHA_CRO;2;5;0,0044
GHA_CRO;2;6;0,0013
GHA_CRO;3;0;0,0077
GHA_CRO;3;1;0,014
GHA_CRO;3;2;0,0127
GHA_CRO;3;3;0,0077
GHA_CRO;3;4;0,0035
GHA_CRO;3;5;0,0013
GHA_CRO;4;0;0,0017
GHA_CRO;4;1;0,0031
GHA_CRO;4;2;0,0028
GHA_CRO;4;3;0,0017
GHA_ENG;0;0;0,0662
GHA_ENG;0;1;0,1204
GHA_ENG;0;2;0,1369
GHA_ENG;0;3;0,0981
GHA_ENG;0;4;0,0527
GHA_ENG;0;5;0,0227
GHA_ENG;0;6;0,0081
GHA_ENG;1;0;0,0335
GHA_ENG;1;1;0,0939
GHA_ENG;1;2;0,0935
GHA_ENG;1;3;0,067
GHA_ENG;1;4;0,036
GHA_ENG;1;5;0,0155
GHA_ENG;1;6;0,0055
GHA_ENG;2;0;0,0138
GHA_ENG;2;1;0,0297
GHA_ENG;2;2;0,0319
GHA_ENG;2;3;0,0229
GHA_ENG;2;4;0,0123
GHA_ENG;2;5;0,0053
GHA_ENG;2;6;0,0019
GHA_ENG;3;0;0,0031
GHA_ENG;3;1;0,0068
GHA_ENG;3;2;0,0073
GHA_ENG;3;3;0,0052
GHA_ENG;3;4;0,0028
GHA_ENG;3;5;0,0012
GHA_ENG;4;1;0,0012
GHA_ENG;4;2;0,0012
HAI_BRA;0;0;0,0671
HAI_BRA;0;1;0,1021
HAI_BRA;0;2;0,1041
HAI_BRA;0;3;0,0653
HAI_BRA;0;4;0,0307
HAI_BRA;0;5;0,0116
HAI_BRA;0;6;0,0036
HAI_BRA;1;0;0,0477
HAI_BRA;1;1;0,1141
HAI_BRA;1;2;0,0995
HAI_BRA;1;3;0,0624
HAI_BRA;1;4;0,0294
HAI_BRA;1;5;0,0111
HAI_BRA;1;6;0,0035
HAI_BRA;2;0;0,0268
HAI_BRA;2;1;0,0505
HAI_BRA;2;2;0,0475
HAI_BRA;2;3;0,0298
HAI_BRA;2;4;0,014
HAI_BRA;2;5;0,0053
HAI_BRA;2;6;0,0017
HAI_BRA;3;0;0,0085
HAI_BRA;3;1;0,0161
HAI_BRA;3;2;0,0151
HAI_BRA;3;3;0,0095
HAI_BRA;3;4;0,0045
HAI_BRA;3;5;0,0017
HAI_BRA;4;0;0,002
HAI_BRA;4;1;0,0038
HAI_BRA;4;2;0,0036
HAI_BRA;4;3;0,0023
HAI_BRA;4;4;0,0011
HAI_MAR;0;0;0,023
HAI_MAR;0;1;0,046
HAI_MAR;0;2;0,0718
HAI_MAR;0;3;0,0675
HAI_MAR;0;4;0,0475
HAI_MAR;0;5;0,0268
HAI_MAR;0;6;0,0126
HAI_MAR;1;0;0,0171
HAI_MAR;1;1;0,0671
HAI_MAR;1;2;0,0876
HAI_MAR;1;3;0,0823
HAI_MAR;1;4;0,058
HAI_MAR;1;5;0,0327
HAI_MAR;1;6;0,0154
HAI_MAR;2;0;0,0135
HAI_MAR;2;1;0,0379
HAI_MAR;2;2;0,0535
HAI_MAR;2;3;0,0502
HAI_MAR;2;4;0,0354
HAI_MAR;2;5;0,02
HAI_MAR;2;6;0,0094
HAI_MAR;3;0;0,0055
HAI_MAR;3;1;0,0154
HAI_MAR;3;2;0,0217
HAI_MAR;3;3;0,0204
HAI_MAR;3;4;0,0144
HAI_MAR;3;5;0,0081
HAI_MAR;3;6;0,0038
HAI_MAR;4;0;0,0017
HAI_MAR;4;1;0,0047
HAI_MAR;4;2;0,0066
HAI_MAR;4;3;0,0062
HAI_MAR;4;4;0,0044
HAI_MAR;4;5;0,0025
HAI_MAR;4;6;0,0012
HAI_MAR;5;1;0,0011
HAI_MAR;5;2;0,0016
HAI_MAR;5;3;0,0015
HAI_MAR;5;4;0,0011
HAI_SCO;0;0;0,0655
HAI_SCO;0;1;0,0799
HAI_SCO;0;2;0,0707
HAI_SCO;0;3;0,0373
HAI_SCO;0;4;0,0148
HAI_SCO;0;5;0,0047
HAI_SCO;0;6;0,0012
HAI_SCO;1;0;0,0636
HAI_SCO;1;1;0,1246
HAI_SCO;1;2;0,0915
HAI_SCO;1;3;0,0483
HAI_SCO;1;4;0,0192
HAI_SCO;1;5;0,0061
HAI_SCO;1;6;0,0016
HAI_SCO;2;0;0,0471
HAI_SCO;2;1;0,0747
HAI_SCO;2;2;0,0592
HAI_SCO;2;3;0,0313
HAI_SCO;2;4;0,0124
HAI_SCO;2;5;0,0039
HAI_SCO;2;6;0,001
HAI_SCO;3;0;0,0203
HAI_SCO;3;1;0,0322
HAI_SCO;3;2;0,0256
HAI_SCO;3;3;0,0135
HAI_SCO;3;4;0,0054
HAI_SCO;3;5;0,0017
HAI_SCO;4;0;0,0066
HAI_SCO;4;1;0,0104
HAI_SCO;4;2;0,0083
HAI_SCO;4;3;0,0044
HAI_SCO;4;4;0,0017
HAI_SCO;5;0;0,0017
HAI_SCO;5;1;0,0027
HAI_SCO;5;2;0,0021
HAI_SCO;5;3;0,0011
IRN_BEL;0;0;0,0266
IRN_BEL;0;1;0,0389
IRN_BEL;0;2;0,0496
IRN_BEL;0;3;0,0364
IRN_BEL;0;4;0,02
IRN_BEL;0;5;0,0088
IRN_BEL;0;6;0,0032
IRN_BEL;1;0;0,0286
IRN_BEL;1;1;0,0826
IRN_BEL;1;2;0,0841
IRN_BEL;1;3;0,0618
IRN_BEL;1;4;0,034
IRN_BEL;1;5;0,015
IRN_BEL;1;6;0,0055
IRN_BEL;2;0;0,0295
IRN_BEL;2;1;0,0649
IRN_BEL;2;2;0,0714
IRN_BEL;2;3;0,0524
IRN_BEL;2;4;0,0288
IRN_BEL;2;5;0,0127
IRN_BEL;2;6;0,0047
IRN_BEL;3;0;0,0167
IRN_BEL;3;1;0,0367
IRN_BEL;3;2;0,0404
IRN_BEL;3;3;0,0296
IRN_BEL;3;4;0,0163
IRN_BEL;3;5;0,0072
IRN_BEL;3;6;0,0026
IRN_BEL;4;0;0,0071
IRN_BEL;4;1;0,0156
IRN_BEL;4;2;0,0171
IRN_BEL;4;3;0,0126
IRN_BEL;4;4;0,0069
IRN_BEL;4;5;0,003
IRN_BEL;4;6;0,0011
IRN_BEL;5;0;0,0024
IRN_BEL;5;1;0,0053
IRN_BEL;5;2;0,0058
IRN_BEL;5;3;0,0043
IRN_BEL;5;4;0,0024
IRN_BEL;5;5;0,001
IRN_BEL;6;1;0,0015
IRN_BEL;6;2;0,0016
IRN_BEL;6;3;0,0012
IRN_EGY;0;0;0,0672
IRN_EGY;0;1;0,053
IRN_EGY;0;2;0,0327
IRN_EGY;0;3;0,0116
IRN_EGY;0;4;0,0031
IRN_EGY;1;0;0,0954
IRN_EGY;1;1;0,1192
IRN_EGY;1;2;0,0584
IRN_EGY;1;3;0,0206
IRN_EGY;1;4;0,0055
IRN_EGY;1;5;0,0012
IRN_EGY;2;0;0,0929
IRN_EGY;2;1;0,0984
IRN_EGY;2;2;0,0521
IRN_EGY;2;3;0,0184
IRN_EGY;2;4;0,0049
IRN_EGY;2;5;0,001
IRN_EGY;3;0;0,0553
IRN_EGY;3;1;0,0585
IRN_EGY;3;2;0,031
IRN_EGY;3;3;0,0109
IRN_EGY;3;4;0,0029
IRN_EGY;4;0;0,0246
IRN_EGY;4;1;0,0261
IRN_EGY;4;2;0,0138
IRN_EGY;4;3;0,0049
IRN_EGY;4;4;0,0013
IRN_EGY;5;0;0,0088
IRN_EGY;5;1;0,0093
IRN_EGY;5;2;0,0049
IRN_EGY;5;3;0,0017
IRN_EGY;6;0;0,0026
IRN_EGY;6;1;0,0028
IRN_EGY;6;2;0,0015
IRQ_FRA;0;0;0,0579
IRQ_FRA;0;1;0,1032
IRQ_FRA;0;2;0,12
IRQ_FRA;0;3;0,087
IRQ_FRA;0;4;0,0473
IRQ_FRA;0;5;0,0206
IRQ_FRA;0;6;0,0074
IRQ_FRA;1;0;0,0341
IRQ_FRA;1;1;0,097
IRQ_FRA;1;2;0,0976
IRQ_FRA;1;3;0,0707
IRQ_FRA;1;4;0,0385
IRQ_FRA;1;5;0,0167
IRQ_FRA;1;6;0,0061
IRQ_FRA;2;0;0,0168
IRQ_FRA;2;1;0,0365
IRQ_FRA;2;2;0,0397
IRQ_FRA;2;3;0,0288
IRQ_FRA;2;4;0,0156
IRQ_FRA;2;5;0,0068
IRQ_FRA;2;6;0,0025
IRQ_FRA;3;0;0,0046
IRQ_FRA;3;1;0,0099
IRQ_FRA;3;2;0,0108
IRQ_FRA;3;3;0,0078
IRQ_FRA;3;4;0,0042
IRQ_FRA;3;5;0,0018
IRQ_FRA;4;1;0,002
IRQ_FRA;4;2;0,0022
IRQ_FRA;4;3;0,0016
IRQ_NOR;0;0;0,0615
IRQ_NOR;0;1;0,1161
IRQ_NOR;0;2;0,1372
IRQ_NOR;0;3;0,1022
IRQ_NOR;0;4;0,0571
IRQ_NOR;0;5;0,0255
IRQ_NOR;0;6;0,0095
IRQ_NOR;1;0;0,0304
IRQ_NOR;1;1;0,0895
IRQ_NOR;1;2;0,0926
IRQ_NOR;1;3;0,069
IRQ_NOR;1;4;0,0385
IRQ_NOR;1;5;0,0172
IRQ_NOR;1;6;0,0064
IRQ_NOR;2;0;0,0125
IRQ_NOR;2;1;0,0279
IRQ_NOR;2;2;0,0312
IRQ_NOR;2;3;0,0233
IRQ_NOR;2;4;0,013
IRQ_NOR;2;5;0,0058
IRQ_NOR;2;6;0,0022
IRQ_NOR;3;0;0,0028
IRQ_NOR;3;1;0,0063
IRQ_NOR;3;2;0,007
IRQ_NOR;3;3;0,0052
IRQ_NOR;3;4;0,0029
IRQ_NOR;3;5;0,0013
IRQ_NOR;4;1;0,0011
IRQ_NOR;4;2;0,0012
IRQ_SEN;0;0;0,04
IRQ_SEN;0;1;0,0707
IRQ_SEN;0;2;0,0902
IRQ_SEN;0;3;0,07
IRQ_SEN;0;4;0,0408
IRQ_SEN;0;5;0,019
IRQ_SEN;0;6;0,0074
IRQ_SEN;1;0;0,0294
IRQ_SEN;1;1;0,0907
IRQ_SEN;1;2;0,0978
IRQ_SEN;1;3;0,0759
IRQ_SEN;1;4;0,0442
IRQ_SEN;1;5;0,0206
IRQ_SEN;1;6;0,008
IRQ_SEN;2;0;0,0196
IRQ_SEN;2;1;0,0456
IRQ_SEN;2;2;0,0531
IRQ_SEN;2;3;0,0412
IRQ_SEN;2;4;0,024
IRQ_SEN;2;5;0,0112
IRQ_SEN;2;6;0,0043
IRQ_SEN;3;0;0,0071
IRQ_SEN;3;1;0,0165
IRQ_SEN;3;2;0,0192
IRQ_SEN;3;3;0,0149
IRQ_SEN;3;4;0,0087
IRQ_SEN;3;5;0,004
IRQ_SEN;3;6;0,0016
IRQ_SEN;4;0;0,0019
IRQ_SEN;4;1;0,0045
IRQ_SEN;4;2;0,0052
IRQ_SEN;4;3;0,004
IRQ_SEN;4;4;0,0024
IRQ_SEN;4;5;0,0011
IRQ_SEN;5;2;0,0011
JOR_ALG;0;0;0,031
JOR_ALG;0;1;0,0535
JOR_ALG;0;2;0,0718
JOR_ALG;0;3;0,0575
JOR_ALG;0;4;0,0346
JOR_ALG;0;5;0,0166
JOR_ALG;0;6;0,0067
JOR_ALG;1;0;0,0261
JOR_ALG;1;1;0,084
JOR_ALG;1;2;0,0935
JOR_ALG;1;3;0,075
JOR_ALG;1;4;0,0451
JOR_ALG;1;5;0,0217
JOR_ALG;1;6;0,0087
JOR_ALG;2;0;0,0211
JOR_ALG;2;1;0,0507
JOR_ALG;2;2;0,061
JOR_ALG;2;3;0,0489
JOR_ALG;2;4;0,0294
JOR_ALG;2;5;0,0141
JOR_ALG;2;6;0,0057
JOR_ALG;3;0;0,0092
JOR_ALG;3;1;0,022
JOR_ALG;3;2;0,0265
JOR_ALG;3;3;0,0212
JOR_ALG;3;4;0,0128
JOR_ALG;3;5;0,0061
JOR_ALG;3;6;0,0025
JOR_ALG;4;0;0,003
JOR_ALG;4;1;0,0072
JOR_ALG;4;2;0,0086
JOR_ALG;4;3;0,0069
JOR_ALG;4;4;0,0042
JOR_ALG;4;5;0,002
JOR_ALG;5;1;0,0019
JOR_ALG;5;2;0,0023
JOR_ALG;5;3;0,0018
JOR_ALG;5;4;0,0011
JOR_AUT;0;0;0,06
JOR_AUT;0;1;0,0917
JOR_AUT;0;2;0,0966
JOR_AUT;0;3;0,0622
JOR_AUT;0;4;0,0301
JOR_AUT;0;5;0,0116
JOR_AUT;0;6;0,0037
JOR_AUT;1;0;0,0452
JOR_AUT;1;1;0,1115
JOR_AUT;1;2;0,0998
JOR_AUT;1;3;0,0643
JOR_AUT;1;4;0,0311
JOR_AUT;1;5;0,012
JOR_AUT;1;6;0,0039
JOR_AUT;2;0;0,0276
JOR_AUT;2;1;0,0533
JOR_AUT;2;2;0,0515
JOR_AUT;2;3;0,0332
JOR_AUT;2;4;0,016
JOR_AUT;2;5;0,0062
JOR_AUT;2;6;0,002
JOR_AUT;3;0;0,0095
JOR_AUT;3;1;0,0184
JOR_AUT;3;2;0,0177
JOR_AUT;3;3;0,0114
JOR_AUT;3;4;0,0055
JOR_AUT;3;5;0,0021
JOR_AUT;4;0;0,0025
JOR_AUT;4;1;0,0047
JOR_AUT;4;2;0,0046
JOR_AUT;4;3;0,003
JOR_AUT;4;4;0,0014
JPN_NED;0;0;0,0576
JPN_NED;0;1;0,0636
JPN_NED;0;2;0,0539
JPN_NED;0;3;0,0267
JPN_NED;0;4;0,0099
JPN_NED;0;5;0,003
JPN_NED;1;0;0,066
JPN_NED;1;1;0,1202
JPN_NED;1;2;0,0828
JPN_NED;1;3;0,0411
JPN_NED;1;4;0,0153
JPN_NED;1;5;0,0045
JPN_NED;1;6;0,0011
JPN_NED;2;0;0,0575
JPN_NED;2;1;0,0855
JPN_NED;2;2;0,0636
JPN_NED;2;3;0,0315
JPN_NED;2;4;0,0117
JPN_NED;2;5;0,0035
JPN_NED;3;0;0,0294
JPN_NED;3;1;0,0438
JPN_NED;3;2;0,0326
JPN_NED;3;3;0,0161
JPN_NED;3;4;0,006
JPN_NED;3;5;0,0018
JPN_NED;4;0;0,0113
JPN_NED;4;1;0,0168
JPN_NED;4;2;0,0125
JPN_NED;4;3;0,0062
JPN_NED;4;4;0,0023
JPN_NED;5;0;0,0035
JPN_NED;5;1;0,0052
JPN_NED;5;2;0,0038
JPN_NED;5;3;0,0019
JPN_NED;6;1;0,0013
JPN_SWE;0;0;0,0408
JPN_SWE;0;1;0,0506
JPN_SWE;0;2;0,0513
JPN_SWE;0;3;0,0301
JPN_SWE;0;4;0,0132
JPN_SWE;0;5;0,0047
JPN_SWE;0;6;0,0014
JPN_SWE;1;0;0,047
JPN_SWE;1;1;0,104
JPN_SWE;1;2;0,0847
JPN_SWE;1;3;0,0497
JPN_SWE;1;4;0,0219
JPN_SWE;1;5;0,0077
JPN_SWE;1;6;0,0023
JPN_SWE;2;0;0,0452
JPN_SWE;2;1;0,0795
JPN_SWE;2;2;0,07
JPN_SWE;2;3;0,041
JPN_SWE;2;4;0,0181
JPN_SWE;2;5;0,0064
JPN_SWE;2;6;0,0019
JPN_SWE;3;0;0,0249
JPN_SWE;3;1;0,0438
JPN_SWE;3;2;0,0385
JPN_SWE;3;3;0,0226
JPN_SWE;3;4;0,0099
JPN_SWE;3;5;0,0035
JPN_SWE;3;6;0,001
JPN_SWE;4;0;0,0103
JPN_SWE;4;1;0,0181
JPN_SWE;4;2;0,0159
JPN_SWE;4;3;0,0093
JPN_SWE;4;4;0,0041
JPN_SWE;4;5;0,0014
JPN_SWE;5;0;0,0034
JPN_SWE;5;1;0,006
JPN_SWE;5;2;0,0053
JPN_SWE;5;3;0,0031
JPN_SWE;5;4;0,0014
JPN_SWE;6;1;0,0016
JPN_SWE;6;2;0,0014
JPN_TUN;0;0;0,0557
JPN_TUN;0;1;0,0454
JPN_TUN;0;2;0,0303
JPN_TUN;0;3;0,0114
JPN_TUN;0;4;0,0032
JPN_TUN;1;0;0,0829
JPN_TUN;1;1;0,1113
JPN_TUN;1;2;0,0583
JPN_TUN;1;3;0,022
JPN_TUN;1;4;0,0062
JPN_TUN;1;5;0,0014
JPN_TUN;2;0;0,0876
JPN_TUN;2;1;0,099
JPN_TUN;2;2;0,056
JPN_TUN;2;3;0,0211
JPN_TUN;2;4;0,006
JPN_TUN;2;5;0,0013
JPN_TUN;3;0;0,0561
JPN_TUN;3;1;0,0634
JPN_TUN;3;2;0,0359
JPN_TUN;3;3;0,0135
JPN_TUN;3;4;0,0038
JPN_TUN;4;0;0,027
JPN_TUN;4;1;0,0305
JPN_TUN;4;2;0,0172
JPN_TUN;4;3;0,0065
JPN_TUN;4;4;0,0018
JPN_TUN;5;0;0,0104
JPN_TUN;5;1;0,0117
JPN_TUN;5;2;0,0066
JPN_TUN;5;3;0,0025
JPN_TUN;6;0;0,0033
JPN_TUN;6;1;0,0038
JPN_TUN;6;2;0,0021
KOR_CZE;0;0;0,0362
KOR_CZE;0;1;0,0514
KOR_CZE;0;2;0,059
KOR_CZE;0;3;0,0397
KOR_CZE;0;4;0,02
KOR_CZE;0;5;0,0081
KOR_CZE;0;6;0,0027
KOR_CZE;1;0;0,0372
KOR_CZE;1;1;0,0966
KOR_CZE;1;2;0,0902
KOR_CZE;1;3;0,0606
KOR_CZE;1;4;0,0306
KOR_CZE;1;5;0,0123
KOR_CZE;1;6;0,0041
KOR_CZE;2;0;0,0339
KOR_CZE;2;1;0,0684
KOR_CZE;2;2;0,069
KOR_CZE;2;3;0,0464
KOR_CZE;2;4;0,0234
KOR_CZE;2;5;0,0094
KOR_CZE;2;6;0,0032
KOR_CZE;3;0;0,0173
KOR_CZE;3;1;0,0349
KOR_CZE;3;2;0,0351
KOR_CZE;3;3;0,0236
KOR_CZE;3;4;0,0119
KOR_CZE;3;5;0,0048
KOR_CZE;3;6;0,0016
KOR_CZE;4;0;0,0066
KOR_CZE;4;1;0,0133
KOR_CZE;4;2;0,0134
KOR_CZE;4;3;0,009
KOR_CZE;4;4;0,0046
KOR_CZE;4;5;0,0018
KOR_CZE;5;0;0,002
KOR_CZE;5;1;0,0041
KOR_CZE;5;2;0,0041
KOR_CZE;5;3;0,0028
KOR_CZE;5;4;0,0014
KOR_CZE;6;1;0,001
KOR_CZE;6;2;0,001
KSA_CPV;0;0;0,1204
KSA_CPV;0;1;0,1373
KSA_CPV;0;2;0,0988
KSA_CPV;0;3;0,0441
KSA_CPV;0;4;0,0148
KSA_CPV;0;5;0,004
KSA_CPV;1;0;0,0853
KSA_CPV;1;1;0,1381
KSA_CPV;1;2;0,0857
KSA_CPV;1;3;0,0383
KSA_CPV;1;4;0,0128
KSA_CPV;1;5;0,0034
KSA_CPV;2;0;0,0414
KSA_CPV;2;1;0,0555
KSA_CPV;2;2;0,0371
KSA_CPV;2;3;0,0166
KSA_CPV;2;4;0,0056
KSA_CPV;2;5;0,0015
KSA_CPV;3;0;0,012
KSA_CPV;3;1;0,016
KSA_CPV;3;2;0,0107
KSA_CPV;3;3;0,0048
KSA_CPV;3;4;0,0016
KSA_CPV;4;0;0,0026
KSA_CPV;4;1;0,0035
KSA_CPV;4;2;0,0023
KSA_CPV;4;3;0,001
KSA_ESP;0;0;0,0618
KSA_ESP;0;1;0,1477
KSA_ESP;0;2;0,1949
KSA_ESP;0;3;0,1677
KSA_ESP;0;4;0,1082
KSA_ESP;0;5;0,0559
KSA_ESP;0;6;0,024
KSA_ESP;1;0;0,0127
KSA_ESP;1;1;0,0447
KSA_ESP;1;2;0,0534
KSA_ESP;1;3;0,046
KSA_ESP;1;4;0,0297
KSA_ESP;1;5;0,0153
KSA_ESP;1;6;0,0066
KSA_ESP;2;0;0,0022
KSA_ESP;2;1;0,0057
KSA_ESP;2;2;0,0073
KSA_ESP;2;3;0,0063
KSA_ESP;2;4;0,0041
KSA_ESP;2;5;0,0021
KSA_URU;0;0;0,1162
KSA_URU;0;1;0,1887
KSA_URU;0;2;0,1744
KSA_URU;0;3;0,1038
KSA_URU;0;4;0,0463
KSA_URU;0;5;0,0165
KSA_URU;0;6;0,0049
KSA_URU;1;0;0,0403
KSA_URU;1;1;0,0906
KSA_URU;1;2;0,0749
KSA_URU;1;3;0,0446
KSA_URU;1;4;0,0199
KSA_URU;1;5;0,0071
KSA_URU;1;6;0,0021
KSA_URU;2;0;0,0101
KSA_URU;2;1;0,018
KSA_URU;2;2;0,0161
KSA_URU;2;3;0,0096
KSA_URU;2;4;0,0043
KSA_URU;2;5;0,0015
KSA_URU;3;0;0,0014
KSA_URU;3;1;0,0026
KSA_URU;3;2;0,0023
KSA_URU;3;3;0,0014
MAR_BRA;0;0;0,0611
MAR_BRA;0;1;0,0723
MAR_BRA;0;2;0,0636
MAR_BRA;0;3;0,0331
MAR_BRA;0;4;0,013
MAR_BRA;0;5;0,0041
MAR_BRA;0;6;0,0011
MAR_BRA;1;0;0,0635
MAR_BRA;1;1;0,1225
MAR_BRA;1;2;0,0887
MAR_BRA;1;3;0,0462
MAR_BRA;1;4;0,0181
MAR_BRA;1;5;0,0056
MAR_BRA;1;6;0,0015
MAR_BRA;2;0;0,0506
MAR_BRA;2;1;0,0791
MAR_BRA;2;2;0,0618
MAR_BRA;2;3;0,0322
MAR_BRA;2;4;0,0126
MAR_BRA;2;5;0,0039
MAR_BRA;2;6;0,001
MAR_BRA;3;0;0,0235
MAR_BRA;3;1;0,0367
MAR_BRA;3;2;0,0287
MAR_BRA;3;3;0,015
MAR_BRA;3;4;0,0058
MAR_BRA;3;5;0,0018
MAR_BRA;4;0;0,0082
MAR_BRA;4;1;0,0128
MAR_BRA;4;2;0,01
MAR_BRA;4;3;0,0052
MAR_BRA;4;4;0,002
MAR_BRA;5;0;0,0023
MAR_BRA;5;1;0,0036
MAR_BRA;5;2;0,0028
MAR_BRA;5;3;0,0015
MAR_SCO;0;0;0,0696
MAR_SCO;0;1;0,0599
MAR_SCO;0;2;0,0395
MAR_SCO;0;3;0,0151
MAR_SCO;0;4;0,0043
MAR_SCO;1;0;0,0914
MAR_SCO;1;1;0,1243
MAR_SCO;1;2;0,0658
MAR_SCO;1;3;0,0251
MAR_SCO;1;4;0,0072
MAR_SCO;1;5;0,0016
MAR_SCO;2;0;0,0837
MAR_SCO;2;1;0,0957
MAR_SCO;2;2;0,0547
MAR_SCO;2;3;0,0209
MAR_SCO;2;4;0,006
MAR_SCO;2;5;0,0014
MAR_SCO;3;0;0,0464
MAR_SCO;3;1;0,0531
MAR_SCO;3;2;0,0304
MAR_SCO;3;3;0,0116
MAR_SCO;3;4;0,0033
MAR_SCO;4;0;0,0193
MAR_SCO;4;1;0,0221
MAR_SCO;4;2;0,0126
MAR_SCO;4;3;0,0048
MAR_SCO;4;4;0,0014
MAR_SCO;5;0;0,0064
MAR_SCO;5;1;0,0074
MAR_SCO;5;2;0,0042
MAR_SCO;5;3;0,0016
MAR_SCO;6;0;0,0018
MAR_SCO;6;1;0,002
MAR_SCO;6;2;0,0012
MEX_CZE;0;0;0,084
MEX_CZE;0;1;0,0886
MEX_CZE;0;2;0,0658
MEX_CZE;0;3;0,0293
MEX_CZE;0;4;0,0098
MEX_CZE;0;5;0,0026
MEX_CZE;1;0;0,084
MEX_CZE;1;1;0,1354
MEX_CZE;1;2;0,0836
MEX_CZE;1;3;0,0372
MEX_CZE;1;4;0,0124
MEX_CZE;1;5;0,0033
MEX_CZE;2;0;0,0598
MEX_CZE;2;1;0,0797
MEX_CZE;2;2;0,0532
MEX_CZE;2;3;0,0236
MEX_CZE;2;4;0,0079
MEX_CZE;2;5;0,0021
MEX_CZE;3;0;0,0253
MEX_CZE;3;1;0,0338
MEX_CZE;3;2;0,0225
MEX_CZE;3;3;0,01
MEX_CZE;3;4;0,0033
MEX_CZE;4;0;0,008
MEX_CZE;4;1;0,0107
MEX_CZE;4;2;0,0072
MEX_CZE;4;3;0,0032
MEX_CZE;4;4;0,0011
MEX_CZE;5;0;0,002
MEX_CZE;5;1;0,0027
MEX_CZE;5;2;0,0018
MEX_KOR;0;0;0,0921
MEX_KOR;0;1;0,0795
MEX_KOR;0;2;0,0489
MEX_KOR;0;3;0,0178
MEX_KOR;0;4;0,0049
MEX_KOR;0;5;0,0011
MEX_KOR;1;0;0,1055
MEX_KOR;1;1;0,1364
MEX_KOR;1;2;0,0689
MEX_KOR;1;3;0,0251
MEX_KOR;1;4;0,0069
MEX_KOR;1;5;0,0015
MEX_KOR;2;0;0,0815
MEX_KOR;2;1;0,089
MEX_KOR;2;2;0,0486
MEX_KOR;2;3;0,0177
MEX_KOR;2;4;0,0048
MEX_KOR;2;5;0,0011
MEX_KOR;3;0;0,0383
MEX_KOR;3;1;0,0418
MEX_KOR;3;2;0,0228
MEX_KOR;3;3;0,0083
MEX_KOR;3;4;0,0023
MEX_KOR;4;0;0,0135
MEX_KOR;4;1;0,0147
MEX_KOR;4;2;0,008
MEX_KOR;4;3;0,0029
MEX_KOR;5;0;0,0038
MEX_KOR;5;1;0,0041
MEX_KOR;5;2;0,0023
MEX_RSA;0;0;0,0708
MEX_RSA;0;1;0,0501
MEX_RSA;0;2;0,0278
MEX_RSA;0;3;0,0087
MEX_RSA;0;4;0,0021
MEX_RSA;1;0;0,1055
MEX_RSA;1;1;0,1165
MEX_RSA;1;2;0,051
MEX_RSA;1;3;0,016
MEX_RSA;1;4;0,0038
MEX_RSA;2;0;0,1048
MEX_RSA;2;1;0,099
MEX_RSA;2;2;0,0468
MEX_RSA;2;3;0,0147
MEX_RSA;2;4;0,0035
MEX_RSA;3;0;0,0641
MEX_RSA;3;1;0,0606
MEX_RSA;3;2;0,0286
MEX_RSA;3;3;0,009
MEX_RSA;3;4;0,0021
MEX_RSA;4;0;0,0294
MEX_RSA;4;1;0,0278
MEX_RSA;4;2;0,0131
MEX_RSA;4;3;0,0041
MEX_RSA;5;0;0,0108
MEX_RSA;5;1;0,0102
MEX_RSA;5;2;0,0048
MEX_RSA;5;3;0,0015
MEX_RSA;6;0;0,0033
MEX_RSA;6;1;0,0031
MEX_RSA;6;2;0,0015
NED_SWE;0;0;0,0269
NED_SWE;0;1;0,0236
NED_SWE;0;2;0,0205
NED_SWE;0;3;0,0095
NED_SWE;0;4;0,0033
NED_SWE;1;0;0,0464
NED_SWE;1;1;0,0787
NED_SWE;1;2;0,0508
NED_SWE;1;3;0,0236
NED_SWE;1;4;0,0083
NED_SWE;1;5;0,0023
NED_SWE;2;0;0,0647
NED_SWE;2;1;0,0903
NED_SWE;2;2;0,063
NED_SWE;2;3;0,0293
NED_SWE;2;4;0,0102
NED_SWE;2;5;0,0029
NED_SWE;3;0;0,0535
NED_SWE;3;1;0,0746
NED_SWE;3;2;0,0521
NED_SWE;3;3;0,0242
NED_SWE;3;4;0,0085
NED_SWE;3;5;0,0024
NED_SWE;4;0;0,0331
NED_SWE;4;1;0,0463
NED_SWE;4;2;0,0323
NED_SWE;4;3;0,015
NED_SWE;4;4;0,0052
NED_SWE;4;5;0,0015
NED_SWE;5;0;0,0164
NED_SWE;5;1;0,0229
NED_SWE;5;2;0,016
NED_SWE;5;3;0,0074
NED_SWE;5;4;0,0026
NED_SWE;6;0;0,0068
NED_SWE;6;1;0,0095
NED_SWE;6;2;0,0066
NED_SWE;6;3;0,0031
NED_SWE;6;4;0,0011
NZL_BEL;0;0;0,059
NZL_BEL;0;1;0,1012
NZL_BEL;0;2;0,1146
NZL_BEL;0;3;0,0806
NZL_BEL;0;4;0,0425
NZL_BEL;0;5;0,018
NZL_BEL;0;6;0,0063
NZL_BEL;1;0;0,0369
NZL_BEL;1;1;0,1012
NZL_BEL;1;2;0,0988
NZL_BEL;1;3;0,0695
NZL_BEL;1;4;0,0367
NZL_BEL;1;5;0,0155
NZL_BEL;1;6;0,0054
NZL_BEL;2;0;0,0191
NZL_BEL;2;1;0,0404
NZL_BEL;2;2;0,0426
NZL_BEL;2;3;0,03
NZL_BEL;2;4;0,0158
NZL_BEL;2;5;0,0067
NZL_BEL;2;6;0,0023
NZL_BEL;3;0;0,0055
NZL_BEL;3;1;0,0116
NZL_BEL;3;2;0,0122
NZL_BEL;3;3;0,0086
NZL_BEL;3;4;0,0045
NZL_BEL;3;5;0,0019
NZL_BEL;4;0;0,0012
NZL_BEL;4;1;0,0025
NZL_BEL;4;2;0,0026
NZL_BEL;4;3;0,0019
NZL_EGY;0;0;0,0746
NZL_EGY;0;1;0,0971
NZL_EGY;0;2;0,0868
NZL_EGY;0;3;0,0472
NZL_EGY;0;4;0,0192
NZL_EGY;0;5;0,0063
NZL_EGY;0;6;0,0017
NZL_EGY;1;0;0,0624
NZL_EGY;1;1;0,1264
NZL_EGY;1;2;0,0955
NZL_EGY;1;3;0,0519
NZL_EGY;1;4;0,0212
NZL_EGY;1;5;0,0069
NZL_EGY;1;6;0,0019
NZL_EGY;2;0;0,0395
NZL_EGY;2;1;0,0644
NZL_EGY;2;2;0,0525
NZL_EGY;2;3;0,0286
NZL_EGY;2;4;0,0116
NZL_EGY;2;5;0,0038
NZL_EGY;2;6;0,001
NZL_EGY;3;0;0,0145
NZL_EGY;3;1;0,0236
NZL_EGY;3;2;0,0193
NZL_EGY;3;3;0,0105
NZL_EGY;3;4;0,0043
NZL_EGY;3;5;0,0014
NZL_EGY;4;0;0,004
NZL_EGY;4;1;0,0065
NZL_EGY;4;2;0,0053
NZL_EGY;4;3;0,0029
NZL_EGY;4;4;0,0012
NZL_EGY;5;1;0,0014
NZL_EGY;5;2;0,0012
NZL_IRN;0;0;0,0712
NZL_IRN;0;1;0,1189
NZL_IRN;0;2;0,1264
NZL_IRN;0;3;0,0841
NZL_IRN;0;4;0,042
NZL_IRN;0;5;0,0168
NZL_IRN;0;6;0,0056
NZL_IRN;1;0;0,0408
NZL_IRN;1;1;0,1047
NZL_IRN;1;2;0,0968
NZL_IRN;1;3;0,0644
NZL_IRN;1;4;0,0322
NZL_IRN;1;5;0,0128
NZL_IRN;1;6;0,0043
NZL_IRN;2;0;0,0186
NZL_IRN;2;1;0,0371
NZL_IRN;2;2;0,0371
NZL_IRN;2;3;0,0247
NZL_IRN;2;4;0,0123
NZL_IRN;2;5;0,0049
NZL_IRN;2;6;0,0016
NZL_IRN;3;0;0,0047
NZL_IRN;3;1;0,0095
NZL_IRN;3;2;0,0095
NZL_IRN;3;3;0,0063
NZL_IRN;3;4;0,0031
NZL_IRN;3;5;0,0013
NZL_IRN;4;1;0,0018
NZL_IRN;4;2;0,0018
NZL_IRN;4;3;0,0012
PAN_CRO;0;0;0,0587
PAN_CRO;0;1;0,0925
PAN_CRO;0;2;0,0999
PAN_CRO;0;3;0,0661
PAN_CRO;0;4;0,0328
PAN_CRO;0;5;0,013
PAN_CRO;0;6;0,0043
PAN_CRO;1;0;0,0427
PAN_CRO;1;1;0,1088
PAN_CRO;1;2;0,1
PAN_CRO;1;3;0,0662
PAN_CRO;1;4;0,0329
PAN_CRO;1;5;0,0131
PAN_CRO;1;6;0,0043
PAN_CRO;2;0;0,0254
PAN_CRO;2;1;0,0504
PAN_CRO;2;2;0,0501
PAN_CRO;2;3;0,0331
PAN_CRO;2;4;0,0165
PAN_CRO;2;5;0,0065
PAN_CRO;2;6;0,0022
PAN_CRO;3;0;0,0085
PAN_CRO;3;1;0,0168
PAN_CRO;3;2;0,0167
PAN_CRO;3;3;0,0111
PAN_CRO;3;4;0,0055
PAN_CRO;3;5;0,0022
PAN_CRO;4;0;0,0021
PAN_CRO;4;1;0,0042
PAN_CRO;4;2;0,0042
PAN_CRO;4;3;0,0028
PAN_CRO;4;4;0,0014
PAN_ENG;0;0;0,0538
PAN_ENG;0;1;0,0937
PAN_ENG;0;2;0,1096
PAN_ENG;0;3;0,0793
PAN_ENG;0;4;0,043
PAN_ENG;0;5;0,0187
PAN_ENG;0;6;0,0068
PAN_ENG;1;0;0,0348
PAN_ENG;1;1;0,0986
PAN_ENG;1;2;0,0991
PAN_ENG;1;3;0,0717
PAN_ENG;1;4;0,0389
PAN_ENG;1;5;0,0169
PAN_ENG;1;6;0,0061
PAN_ENG;2;0;0,019
PAN_ENG;2;1;0,0413
PAN_ENG;2;2;0,0448
PAN_ENG;2;3;0,0324
PAN_ENG;2;4;0,0176
PAN_ENG;2;5;0,0076
PAN_ENG;2;6;0,0028
PAN_ENG;3;0;0,0057
PAN_ENG;3;1;0,0124
PAN_ENG;3;2;0,0135
PAN_ENG;3;3;0,0098
PAN_ENG;3;4;0,0053
PAN_ENG;3;5;0,0023
PAN_ENG;4;0;0,0013
PAN_ENG;4;1;0,0028
PAN_ENG;4;2;0,0031
PAN_ENG;4;3;0,0022
PAN_ENG;4;4;0,0012
PAN_GHA;0;0;0,0482
PAN_GHA;0;1;0,0306
PAN_GHA;0;2;0,017
PAN_GHA;0;3;0,0051
PAN_GHA;0;4;0,0012
PAN_GHA;1;0;0,0877
PAN_GHA;1;1;0,0926
PAN_GHA;1;2;0,0388
PAN_GHA;1;3;0,0117
PAN_GHA;1;4;0,0027
PAN_GHA;2;0;0,1083
PAN_GHA;2;1;0,0981
PAN_GHA;2;2;0,0445
PAN_GHA;2;3;0,0134
PAN_GHA;2;4;0,003
PAN_GHA;3;0;0,0827
PAN_GHA;3;1;0,0749
PAN_GHA;3;2;0,0339
PAN_GHA;3;3;0,0103
PAN_GHA;3;4;0,0023
PAN_GHA;4;0;0,0473
PAN_GHA;4;1;0,0429
PAN_GHA;4;2;0,0194
PAN_GHA;4;3;0,0059
PAN_GHA;4;4;0,0013
PAN_GHA;5;0;0,0217
PAN_GHA;5;1;0,0196
PAN_GHA;5;2;0,0089
PAN_GHA;5;3;0,0027
PAN_GHA;6;0;0,0083
PAN_GHA;6;1;0,0075
PAN_GHA;6;2;0,0034
PAN_GHA;6;3;0,001
PAR_AUS;0;0;0,0703
PAR_AUS;0;1;0,0867
PAR_AUS;0;2;0,0759
PAR_AUS;0;3;0,0399
PAR_AUS;0;4;0,0158
PAR_AUS;0;5;0,005
PAR_AUS;0;6;0,0013
PAR_AUS;1;0;0,065
PAR_AUS;1;1;0,1268
PAR_AUS;1;2;0,0927
PAR_AUS;1;3;0,0488
PAR_AUS;1;4;0,0193
PAR_AUS;1;5;0,0061
PAR_AUS;1;6;0,0016
PAR_AUS;2;0;0,0454
PAR_AUS;2;1;0,0717
PAR_AUS;2;2;0,0566
PAR_AUS;2;3;0,0298
PAR_AUS;2;4;0,0118
PAR_AUS;2;5;0,0037
PAR_AUS;3;0;0,0185
PAR_AUS;3;1;0,0292
PAR_AUS;3;2;0,0231
PAR_AUS;3;3;0,0121
PAR_AUS;3;4;0,0048
PAR_AUS;3;5;0,0015
PAR_AUS;4;0;0,0056
PAR_AUS;4;1;0,0089
PAR_AUS;4;2;0,007
PAR_AUS;4;3;0,0037
PAR_AUS;4;4;0,0015
PAR_AUS;5;0;0,0014
PAR_AUS;5;1;0,0022
PAR_AUS;5;2;0,0017
PAR_TUR;0;0;0,113
PAR_TUR;0;1;0,1162
PAR_TUR;0;2;0,0784
PAR_TUR;0;3;0,0323
PAR_TUR;0;4;0,01
PAR_TUR;0;5;0,0025
PAR_TUR;1;0;0,0962
PAR_TUR;1;1;0,1426
PAR_TUR;1;2;0,0816
PAR_TUR;1;3;0,0337
PAR_TUR;1;4;0,0104
PAR_TUR;1;5;0,0026
PAR_TUR;2;0;0,0556
PAR_TUR;2;1;0,0688
PAR_TUR;2;2;0,0425
PAR_TUR;2;3;0,0175
PAR_TUR;2;4;0,0054
PAR_TUR;2;5;0,0013
PAR_TUR;3;0;0,0193
PAR_TUR;3;1;0,0239
PAR_TUR;3;2;0,0148
PAR_TUR;3;3;0,0061
PAR_TUR;3;4;0,0019
PAR_TUR;4;0;0,005
PAR_TUR;4;1;0,0062
PAR_TUR;4;2;0,0038
PAR_TUR;4;3;0,0016
PAR_TUR;5;0;0,001
PAR_TUR;5;1;0,0013
PAR_USA;0;0;0,0551
PAR_USA;0;1;0,0863
PAR_USA;0;2;0,0944
PAR_USA;0;3;0,063
PAR_USA;0;4;0,0315
PAR_USA;0;5;0,0126
PAR_USA;0;6;0,0042
PAR_USA;1;0;0,0419
PAR_USA;1;1;0,1078
PAR_USA;1;2;0,0999
PAR_USA;1;3;0,0666
PAR_USA;1;4;0,0334
PAR_USA;1;5;0,0134
PAR_USA;1;6;0,0045
PAR_USA;2;0;0,0264
PAR_USA;2;1;0,0528
PAR_USA;2;2;0,0528
PAR_USA;2;3;0,0353
PAR_USA;2;4;0,0176
PAR_USA;2;5;0,0071
PAR_USA;2;6;0,0024
PAR_USA;3;0;0,0093
PAR_USA;3;1;0,0186
PAR_USA;3;2;0,0186
PAR_USA;3;3;0,0124
PAR_USA;3;4;0,0062
PAR_USA;3;5;0,0025
PAR_USA;4;0;0,0025
PAR_USA;4;1;0,0049
PAR_USA;4;2;0,0049
PAR_USA;4;3;0,0033
PAR_USA;4;4;0,0016
PAR_USA;5;1;0,001
PAR_USA;5;2;0,001
QAT_BIH;0;0;0,1537
QAT_BIH;0;1;0,1146
QAT_BIH;0;2;0,055
QAT_BIH;0;3;0,0161
QAT_BIH;0;4;0,0035
QAT_BIH;1;0;0,1421
QAT_BIH;1;1;0,1447
QAT_BIH;1;2;0,0587
QAT_BIH;1;3;0,0172
QAT_BIH;1;4;0,0038
QAT_BIH;2;0;0,0816
QAT_BIH;2;1;0,0715
QAT_BIH;2;2;0,0314
QAT_BIH;2;3;0,0092
QAT_BIH;2;4;0,002
QAT_BIH;3;0;0,0291
QAT_BIH;3;1;0,0255
QAT_BIH;3;2;0,0112
QAT_BIH;3;3;0,0033
QAT_BIH;4;0;0,0078
QAT_BIH;4;1;0,0068
QAT_BIH;4;2;0,003
QAT_BIH;5;0;0,0017
QAT_BIH;5;1;0,0015
QAT_CAN;0;0;0,0876
QAT_CAN;0;1;0,1344
QAT_CAN;0;2;0,1287
QAT_CAN;0;3;0,0774
QAT_CAN;0;4;0,0349
QAT_CAN;0;5;0,0126
QAT_CAN;0;6;0,0038
QAT_CAN;1;0;0,0498
QAT_CAN;1;1;0,1134
QAT_CAN;1;2;0,0947
QAT_CAN;1;3;0,0569
QAT_CAN;1;4;0,0257
QAT_CAN;1;5;0,0093
QAT_CAN;1;6;0,0028
QAT_CAN;2;0;0,0214
QAT_CAN;2;1;0,0386
QAT_CAN;2;2;0,0348
QAT_CAN;2;3;0,0209
QAT_CAN;2;4;0,0094
QAT_CAN;2;5;0,0034
QAT_CAN;2;6;0,001
QAT_CAN;3;0;0,0052
QAT_CAN;3;1;0,0095
QAT_CAN;3;2;0,0085
QAT_CAN;3;3;0,0051
QAT_CAN;3;4;0,0023
QAT_CAN;4;1;0,0017
QAT_CAN;4;2;0,0016
QAT_SUI;0;0;0,0288
QAT_SUI;0;1;0,0613
QAT_SUI;0;2;0,0932
QAT_SUI;0;3;0,0872
QAT_SUI;0;4;0,0612
QAT_SUI;0;5;0,0343
QAT_SUI;0;6;0,0161
QAT_SUI;1;0;0,0177
QAT_SUI;1;1;0,069
QAT_SUI;1;2;0,0897
QAT_SUI;1;3;0,0839
QAT_SUI;1;4;0,0589
QAT_SUI;1;5;0,033
QAT_SUI;1;6;0,0154
QAT_SUI;2;0;0,011
QAT_SUI;2;1;0,0308
QAT_SUI;2;2;0,0432
QAT_SUI;2;3;0,0404
QAT_SUI;2;4;0,0283
QAT_SUI;2;5;0,0159
QAT_SUI;2;6;0,0074
QAT_SUI;3;0;0,0035
QAT_SUI;3;1;0,0099
QAT_SUI;3;2;0,0138
QAT_SUI;3;3;0,0129
QAT_SUI;3;4;0,0091
QAT_SUI;3;5;0,0051
QAT_SUI;3;6;0,0024
QAT_SUI;4;1;0,0024
QAT_SUI;4;2;0,0033
QAT_SUI;4;3;0,0031
QAT_SUI;4;4;0,0022
QAT_SUI;4;5;0,0012
RSA_CZE;0;0;0,0667
RSA_CZE;0;1;0,0959
RSA_CZE;0;2;0,0945
RSA_CZE;0;3;0,0569
RSA_CZE;0;4;0,0257
RSA_CZE;0;5;0,0093
RSA_CZE;0;6;0,0028
RSA_CZE;1;0;0,0518
RSA_CZE;1;1;0,1181
RSA_CZE;1;2;0,0988
RSA_CZE;1;3;0,0594
RSA_CZE;1;4;0,0268
RSA_CZE;1;5;0,0097
RSA_CZE;1;6;0,0029
RSA_CZE;2;0;0,0316
RSA_CZE;2;1;0,0571
RSA_CZE;2;2;0,0516
RSA_CZE;2;3;0,0311
RSA_CZE;2;4;0,014
RSA_CZE;2;5;0,0051
RSA_CZE;2;6;0,0015
RSA_CZE;3;0;0,011
RSA_CZE;3;1;0,0199
RSA_CZE;3;2;0,018
RSA_CZE;3;3;0,0108
RSA_CZE;3;4;0,0049
RSA_CZE;3;5;0,0018
RSA_CZE;4;0;0,0029
RSA_CZE;4;1;0,0052
RSA_CZE;4;2;0,0047
RSA_CZE;4;3;0,0028
RSA_CZE;4;4;0,0013
RSA_CZE;5;1;0,0011
RSA_KOR;0;0;0,0524
RSA_KOR;0;1;0,0816
RSA_KOR;0;2;0,09
RSA_KOR;0;3;0,0604
RSA_KOR;0;4;0,0304
RSA_KOR;0;5;0,0122
RSA_KOR;0;6;0,0041
RSA_KOR;1;0;0,0413
RSA_KOR;1;1;0,1069
RSA_KOR;1;2;0,0995
RSA_KOR;1;3;0,0668
RSA_KOR;1;4;0,0336
RSA_KOR;1;5;0,0135
RSA_KOR;1;6;0,0045
RSA_KOR;2;0;0,0272
RSA_KOR;2;1;0,0547
RSA_KOR;2;2;0,055
RSA_KOR;2;3;0,0369
RSA_KOR;2;4;0,0186
RSA_KOR;2;5;0,0075
RSA_KOR;2;6;0,0025
RSA_KOR;3;0;0,01
RSA_KOR;3;1;0,0202
RSA_KOR;3;2;0,0203
RSA_KOR;3;3;0,0136
RSA_KOR;3;4;0,0068
RSA_KOR;3;5;0,0028
RSA_KOR;4;0;0,0028
RSA_KOR;4;1;0,0056
RSA_KOR;4;2;0,0056
RSA_KOR;4;3;0,0038
RSA_KOR;4;4;0,0019
RSA_KOR;5;1;0,0012
RSA_KOR;5;2;0,0012
SEN_FRA;0;0;0,0598
SEN_FRA;0;1;0,0742
SEN_FRA;0;2;0,0681
SEN_FRA;0;3;0,0371
SEN_FRA;0;4;0,0152
SEN_FRA;0;5;0,005
SEN_FRA;0;6;0,0014
SEN_FRA;1;0;0,0594
SEN_FRA;1;1;0,1208
SEN_FRA;1;2;0,0915
SEN_FRA;1;3;0,0499
SEN_FRA;1;4;0,0204
SEN_FRA;1;5;0,0067
SEN_FRA;1;6;0,0018
SEN_FRA;2;0;0,046
SEN_FRA;2;1;0,0752
SEN_FRA;2;2;0,0616
SEN_FRA;2;3;0,0336
SEN_FRA;2;4;0,0137
SEN_FRA;2;5;0,0045
SEN_FRA;2;6;0,0012
SEN_FRA;3;0;0,0206
SEN_FRA;3;1;0,0337
SEN_FRA;3;2;0,0276
SEN_FRA;3;3;0,0151
SEN_FRA;3;4;0,0062
SEN_FRA;3;5;0,002
SEN_FRA;4;0;0,0069
SEN_FRA;4;1;0,0113
SEN_FRA;4;2;0,0093
SEN_FRA;4;3;0,0051
SEN_FRA;4;4;0,0021
SEN_FRA;5;0;0,0019
SEN_FRA;5;1;0,003
SEN_FRA;5;2;0,0025
SEN_FRA;5;3;0,0014
SEN_NOR;0;0;0,0524
SEN_NOR;0;1;0,0537
SEN_NOR;0;2;0,0441
SEN_NOR;0;3;0,0209
SEN_NOR;0;4;0,0074
SEN_NOR;0;5;0,0021
SEN_NOR;1;0;0,0666
SEN_NOR;1;1;0,115
SEN_NOR;1;2;0,0755
SEN_NOR;1;3;0,0357
SEN_NOR;1;4;0,0127
SEN_NOR;1;5;0,0036
SEN_NOR;2;0;0,0642
SEN_NOR;2;1;0,0911
SEN_NOR;2;2;0,0646
SEN_NOR;2;3;0,0305
SEN_NOR;2;4;0,0108
SEN_NOR;2;5;0,0031
SEN_NOR;3;0;0,0366
SEN_NOR;3;1;0,0519
SEN_NOR;3;2;0,0368
SEN_NOR;3;3;0,0174
SEN_NOR;3;4;0,0062
SEN_NOR;3;5;0,0018
SEN_NOR;4;0;0,0157
SEN_NOR;4;1;0,0222
SEN_NOR;4;2;0,0157
SEN_NOR;4;3;0,0074
SEN_NOR;4;4;0,0026
SEN_NOR;5;0;0,0054
SEN_NOR;5;1;0,0076
SEN_NOR;5;2;0,0054
SEN_NOR;5;3;0,0025
SEN_NOR;6;0;0,0015
SEN_NOR;6;1;0,0022
SEN_NOR;6;2;0,0015
SUI_BIH;0;0;0,0595
SUI_BIH;0;1;0,0466
SUI_BIH;0;2;0,0295
SUI_BIH;0;3;0,0106
SUI_BIH;0;4;0,0028
SUI_BIH;1;0;0,0889
SUI_BIH;1;1;0,1129
SUI_BIH;1;2;0,0562
SUI_BIH;1;3;0,0201
SUI_BIH;1;4;0,0054
SUI_BIH;1;5;0,0012
SUI_BIH;2;0;0,0925
SUI_BIH;2;1;0,0994
SUI_BIH;2;2;0,0534
SUI_BIH;2;3;0,0191
SUI_BIH;2;4;0,0051
SUI_BIH;2;5;0,0011
SUI_BIH;3;0;0,0587
SUI_BIH;3;1;0,063
SUI_BIH;3;2;0,0339
SUI_BIH;3;3;0,0121
SUI_BIH;3;4;0,0033
SUI_BIH;4;0;0,0279
SUI_BIH;4;1;0,03
SUI_BIH;4;2;0,0161
SUI_BIH;4;3;0,0058
SUI_BIH;4;4;0,0015
SUI_BIH;5;0;0,0106
SUI_BIH;5;1;0,0114
SUI_BIH;5;2;0,0061
SUI_BIH;5;3;0,0022
SUI_BIH;6;0;0,0034
SUI_BIH;6;1;0,0036
SUI_BIH;6;2;0,0019
TUN_NED;0;0;0,0149
TUN_NED;0;1;0,0193
TUN_NED;0;2;0,0266
TUN_NED;0;3;0,0199
TUN_NED;0;4;0,0112
TUN_NED;0;5;0,005
TUN_NED;0;6;0,0019
TUN_NED;1;0;0,0201
TUN_NED;1;1;0,0595
TUN_NED;1;2;0,0619
TUN_NED;1;3;0,0463
TUN_NED;1;4;0,026
TUN_NED;1;5;0,0117
TUN_NED;1;6;0,0044
TUN_NED;2;0;0,0285
TUN_NED;2;1;0,0639
TUN_NED;2;2;0,0718
TUN_NED;2;3;0,0538
TUN_NED;2;4;0,0302
TUN_NED;2;5;0,0136
TUN_NED;2;6;0,0051
TUN_NED;3;0;0,022
TUN_NED;3;1;0,0495
TUN_NED;3;2;0,0556
TUN_NED;3;3;0,0417
TUN_NED;3;4;0,0234
TUN_NED;3;5;0,0105
TUN_NED;3;6;0,0039
TUN_NED;4;0;0,0128
TUN_NED;4;1;0,0288
TUN_NED;4;2;0,0323
TUN_NED;4;3;0,0242
TUN_NED;4;4;0,0136
TUN_NED;4;5;0,0061
TUN_NED;4;6;0,0023
TUN_NED;5;0;0,0059
TUN_NED;5;1;0,0134
TUN_NED;5;2;0,015
TUN_NED;5;3;0,0112
TUN_NED;5;4;0,0063
TUN_NED;5;5;0,0028
TUN_NED;5;6;0,0011
TUN_NED;6;0;0,0023
TUN_NED;6;1;0,0052
TUN_NED;6;2;0,0058
TUN_NED;6;3;0,0044
TUN_NED;6;4;0,0024
TUN_NED;6;5;0,0011
TUN_SWE;0;0;0,0434
TUN_SWE;0;1;0,0593
TUN_SWE;0;2;0,0632
TUN_SWE;0;3;0,0397
TUN_SWE;0;4;0,0187
TUN_SWE;0;5;0,007
TUN_SWE;0;6;0,0022
TUN_SWE;1;0;0,044
TUN_SWE;1;1;0,1055
TUN_SWE;1;2;0,092
TUN_SWE;1;3;0,0577
TUN_SWE;1;4;0,0272
TUN_SWE;1;5;0,0102
TUN_SWE;1;6;0,0032
TUN_SWE;2;0;0,0377
TUN_SWE;2;1;0,071
TUN_SWE;2;2;0,0669
TUN_SWE;2;3;0,042
TUN_SWE;2;4;0,0198
TUN_SWE;2;5;0,0075
TUN_SWE;2;6;0,0023
TUN_SWE;3;0;0,0183
TUN_SWE;3;1;0,0345
TUN_SWE;3;2;0,0324
TUN_SWE;3;3;0,0204
TUN_SWE;3;4;0,0096
TUN_SWE;3;5;0,0036
TUN_SWE;3;6;0,0011
TUN_SWE;4;0;0,0067
TUN_SWE;4;1;0,0125
TUN_SWE;4;2;0,0118
TUN_SWE;4;3;0,0074
TUN_SWE;4;4;0,0035
TUN_SWE;4;5;0,0013
TUN_SWE;5;0;0,0019
TUN_SWE;5;1;0,0036
TUN_SWE;5;2;0,0034
TUN_SWE;5;3;0,0022
TUN_SWE;5;4;0,001
URU_ESP;0;0;0,0516
URU_ESP;0;1;0,0899
URU_ESP;0;2;0,1063
URU_ESP;0;3;0,0776
URU_ESP;0;4;0,0425
URU_ESP;0;5;0,0186
URU_ESP;0;6;0,0068
URU_ESP;1;0;0,0341
URU_ESP;1;1;0,0979
URU_ESP;1;2;0,0992
URU_ESP;1;3;0,0724
URU_ESP;1;4;0,0396
URU_ESP;1;5;0,0174
URU_ESP;1;6;0,0063
URU_ESP;2;0;0,0193
URU_ESP;2;1;0,0423
URU_ESP;2;2;0,0463
URU_ESP;2;3;0,0338
URU_ESP;2;4;0,0185
URU_ESP;2;5;0,0081
URU_ESP;2;6;0,003
URU_ESP;3;0;0,006
URU_ESP;3;1;0,0132
URU_ESP;3;2;0,0144
URU_ESP;3;3;0,0105
URU_ESP;3;4;0,0058
URU_ESP;3;5;0,0025
URU_ESP;4;0;0,0014
URU_ESP;4;1;0,0031
URU_ESP;4;2;0,0034
URU_ESP;4;3;0,0025
URU_ESP;4;4;0,0013
USA_TUR;0;0;0,0591
USA_TUR;0;1;0,0881
USA_TUR;0;2;0,0917
USA_TUR;0;3;0,0581
USA_TUR;0;4;0,0276
USA_TUR;0;5;0,0105
USA_TUR;0;6;0,0033
USA_TUR;1;0;0,0466
USA_TUR;1;1;0,1129
USA_TUR;1;2;0,0993
USA_TUR;1;3;0,063
USA_TUR;1;4;0,0299
USA_TUR;1;5;0,0114
USA_TUR;1;6;0,0036
USA_TUR;2;0;0,0298
USA_TUR;2;1;0,0566
USA_TUR;2;2;0,0538
USA_TUR;2;3;0,0341
USA_TUR;2;4;0,0162
USA_TUR;2;5;0,0062
USA_TUR;2;6;0,002
USA_TUR;3;0;0,0108
USA_TUR;3;1;0,0205
USA_TUR;3;2;0,0194
USA_TUR;3;3;0,0123
USA_TUR;3;4;0,0059
USA_TUR;3;5;0,0022
USA_TUR;4;0;0,0029
USA_TUR;4;1;0,0055
USA_TUR;4;2;0,0053
USA_TUR;4;3;0,0033
USA_TUR;4;4;0,0016
USA_TUR;5;1;0,0012
USA_TUR;5;2;0,0011
UZB_POR;0;0;0,0588
UZB_POR;0;1;0,0867
UZB_POR;0;2;0,0897
UZB_POR;0;3;0,0564
UZB_POR;0;4;0,0266
UZB_POR;0;5;0,01
UZB_POR;0;6;0,0032
UZB_POR;1;0;0,0473
UZB_POR;1;1;0,1134
UZB_POR;1;2;0,0991
UZB_POR;1;3;0,0623
UZB_POR;1;4;0,0294
UZB_POR;1;5;0,0111
UZB_POR;1;6;0,0035
UZB_POR;2;0;0,0308
UZB_POR;2;1;0,058
UZB_POR;2;2;0,0547
UZB_POR;2;3;0,0344
UZB_POR;2;4;0,0162
UZB_POR;2;5;0,0061
UZB_POR;2;6;0,0019
UZB_POR;3;0;0,0113
UZB_POR;3;1;0,0214
UZB_POR;3;2;0,0202
UZB_POR;3;3;0,0127
UZB_POR;3;4;0,006
UZB_POR;3;5;0,0023
UZB_POR;4;0;0,0031
UZB_POR;4;1;0,0059
UZB_POR;4;2;0,0056
UZB_POR;4;3;0,0035
UZB_POR;4;4;0,0017
UZB_POR;5;1;0,0013
UZB_POR;5;2;0,0012
