partido_id;fecha;timestamp;torneo;categoria
10339208;2023-09-08;1694199600;Africa Cup of Nations, Qualification, Group B;Africa
10752420;2023-10-14;1697299200;Euro, Qualification Group H;Europe
10752444;2026-09-26;1790438400;UEFA Nations League, League C, Gr. 1;Europe
10752461;2023-10-17;1697558400;Euro, Qualification Group H;Europe
10752487;2023-09-10;1694361600;Euro, Qualification Group H;Europe
10752493;2023-11-21;1700595900;Euro, Qualification Group D;Europe
10752510;2023-10-12;1697136300;Euro, Qualification Group D;Europe
10752518;2023-10-13;1697222700;Euro, Qualification Group F;Europe
10752526;2023-10-14;1697299200;Euro, Qualification Group H;Europe
10752529;2023-10-14;1697309100;Euro, Qualification Group H;Europe
10752534;2023-10-15;1697395500;Euro, Qualification Group D;Europe
10752535;2023-10-15;1697395500;Euro, Qualification Group D;Europe
10752539;2023-10-16;1697472000;Euro, Qualification Group F;Europe
10752552;2023-10-17;1697558400;Euro, Qualification Group H;Europe
10752553;2023-10-17;1697568300;Euro, Qualification Group H;Europe
10752556;2023-11-16;1700154000;Euro, Qualification Group F;Europe
10752562;2023-11-16;1700163900;Euro, Qualification Group J;Europe
10752564;2023-11-17;1700240400;Euro, Qualification Group H;Europe
10752569;2024-06-16;1718553600;Euro, Group C;Europe
10752571;2023-11-18;1700326800;Euro, Qualification Group D;Europe
10752573;2023-11-18;1700336700;Euro, Qualification Group B;Europe
10752574;2023-11-18;1700336700;Euro, Qualification Group B;Europe
10752575;2025-11-18;1763495100;World Cup Qual. UEFA B;Europe
10752583;2023-11-19;1700423100;Euro, Qualification Group J;Europe
10752590;2025-06-07;1749315600;Int. Friendly Games;World
10752592;2026-09-26;1790438400;UEFA Nations League, League C, Gr. 1;Europe
10752593;2023-11-21;1700595900;Euro, Qualification Group B;Europe
10752594;2023-11-21;1700595900;Euro, Qualification Group B;Europe
10752595;2023-11-21;1700595900;Euro, Qualification Group D;Europe
10752596;2024-11-16;1731776400;UEFA Nations League, League B, Gr. 4;Europe
10752597;2023-11-21;1700595900;Euro, Qualification Group I;Europe
11111104;2023-06-16;1686934800;Int. Friendly Games;World
11275780;2024-01-13;1705156200;AFC Asian Cup, Group A;Asia
11275784;2025-08-24;1756049400;Int. Friendly Games;World
11275785;2024-01-14;1705231800;AFC Asian Cup, Group D;Asia
11275787;2024-01-14;1705253400;AFC Asian Cup, Group C;Asia
11275793;2024-01-17;1705491000;AFC Asian Cup, Group A;Asia
11275798;2024-01-19;1705663800;AFC Asian Cup, Group D;Asia
11275800;2024-06-06;1717675200;World Cup Qualification, AFC, Round 2, Group E;Asia
11275805;2024-01-22;1705935600;AFC Asian Cup, Group A;Asia
11275806;2024-09-04;1725438600;Int. Friendly Games;World
11275807;2025-03-20;1742486400;World Cup Qualification, AFC, Round 3, Group A;Asia
11275809;2027-01-11;1799661600;AFC Asian Cup, Group F;Asia
11275818;2025-03-20;1742466900;World Cup Qualification, AFC, Round 3, Gr. C;Asia
11275819;2027-01-18;1800266400;AFC Asian Cup, Group C;Asia
11275822;2024-02-03;1706959800;AFC Asian Cup, Knockout stage;Asia
11275825;2025-06-05;1749147300;World Cup Qualification, AFC, Round 3, Group A;Asia
11348589;2023-06-19;1687190400;Int. Friendly Games;World
11518405;2025-09-09;1757460600;World Cup Qualification, CONMEBOL;South America
11518406;2024-10-15;1729024200;World Cup Qualification, CONMEBOL;South America
11518413;2024-10-15;1729033200;World Cup Qualification, CONMEBOL;South America
11620297;2024-11-20;1732060800;World Cup Qualification, CONMEBOL;South America
11620304;2024-11-14;1731618000;World Cup Qualification, CONMEBOL;South America
11620316;2025-11-18;1763485200;Int. Friendly Games;World
11635606;2023-10-18;1697587200;Int. Friendly Games;World
11635611;2023-11-21;1700595900;Int. Friendly Games;World
11635628;2023-11-21;1700595900;Int. Friendly Games;World
11703157;2025-09-09;1757401200;Int. Friendly Games;World
11730028;2024-07-02;1719925200;COSAFA Cup, Group A;Africa
11733075;2023-10-13;1697212800;Int. Friendly Games;World
11733451;2023-11-15;1700077500;Euro, Qualification Group I;Europe
11740226;2024-03-26;1711440000;World Cup Qualification, AFC, Round 2, Group B;Asia
11740232;2024-03-26;1711442700;World Cup Qualification, AFC, Round 2, Group I;Asia
11740240;2024-03-26;1711442700;World Cup Qualification, AFC, Round 2, Group I;Asia
11740244;2026-06-09;1781004900;Int. Friendly Games;World
11740250;2024-06-11;1718100840;World Cup Qualification, AFC, Round 2, Group B;Asia
11740251;2025-07-07;1751886000;EAFF E-1 Football Championship;Asia
11761478;2024-06-06;1717675800;World Cup Qualification, AFC, Round 2, Group B;Asia
11761874;2024-01-14;1705262400;Africa Cup of Nations, Group B;Africa
11761888;2024-01-19;1705672800;Africa Cup of Nations, Group B;Africa
11761898;2025-11-17;1763395200;Int. Friendly Games;World
11763657;2026-06-05;1780659000;Int. Friendly Games;World
11763659;2026-06-05;1780659000;Int. Friendly Games;World
11774450;2025-03-21;1742599800;World Cup Qualification, CONMEBOL;South America
11774455;2025-03-21;1742590800;World Cup Qualification, CONMEBOL;South America
11774463;2025-03-20;1742511600;World Cup Qualification, CONMEBOL;South America
11774476;2025-03-26;1742947200;World Cup Qualification, CONMEBOL;South America
11774477;2025-03-25;1742932800;World Cup Qualification, CONMEBOL;South America
11774479;2025-03-26;1742947200;World Cup Qualification, CONMEBOL;South America
11774480;2025-03-26;1742947200;World Cup Qualification, CONMEBOL;South America
11797964;2025-10-13;1760371200;FIFA World Cup, Qualification CAF, Group D;Africa
11797974;2025-09-08;1757358000;FIFA World Cup, Qualification CAF, Group D;Africa
11800822;2023-11-18;1700336700;Int. Friendly Games;World
11855035;2024-03-21;1711050300;Euro, Qualification Playoff;Europe
11873896;2024-06-24;1719255600;Euro, Group B;Europe
11873897;2024-06-15;1718456400;Euro, Group A;Europe
11873900;2024-11-19;1732045500;UEFA Nations League, League A, Gr. 3;Europe
11873901;2024-06-20;1718910000;Euro, Group B;Europe
11873902;2026-03-27;1774640700;Int. Friendly Games;World
11873903;2026-09-24;1790275500;UEFA Nations League, League B, Gr. 1;Europe
11873904;2024-06-24;1719255600;Euro, Group B;Europe
11873905;2024-06-14;1718391600;Euro, Group A;Europe
11873906;2024-06-19;1718802000;Euro, Group B;Europe
11873907;2026-09-29;1790707500;UEFA Nations League, League A, Gr. 3;Europe
11873968;2024-11-18;1731959100;UEFA Nations League, League A, Gr. 4;Europe
11873970;2024-06-20;1718899200;Euro, Group C;Europe
11873971;2024-06-16;1718553600;Euro, Group C;Europe
11873975;2024-06-17;1718650800;Euro, Group D;Europe
11873977;2024-06-25;1719331200;Euro, Group D;Europe
11873984;2024-06-22;1719072000;Euro, Group F;Europe
11873986;2024-06-26;1719428400;Euro, Group F;Europe
11873989;2024-06-18;1718737200;Euro, Group F;Europe
11873991;2024-06-21;1718996400;Euro, Group D;Europe
11874016;2024-07-01;1719860400;Euro, Knockout stage;Europe
11874018;2024-06-29;1719687600;Euro, Knockout stage;Europe
11874019;2024-07-06;1720281600;Euro, Knockout stage;Europe
11874020;2025-06-05;1749150000;UEFA Nations League, Finals;Europe
11874021;2024-07-06;1720292400;Euro, Knockout stage;Europe
11874022;2024-06-29;1719676800;Euro, Knockout stage;Europe
11874023;2026-09-26;1790448300;UEFA Nations League, League A, Gr. 3;Europe
11874024;2026-09-28;1790621100;UEFA Nations League, League A, Gr. 1;Europe
11874025;2024-07-02;1719946800;Euro, Knockout stage;Europe
11874026;2024-07-05;1720206000;Euro, Knockout stage;Europe
11874027;2024-07-05;1720195200;Euro, Knockout stage;Europe
11874028;2024-07-10;1720638000;Euro, Knockout stage;Europe
11874029;2024-07-02;1719936000;Euro, Knockout stage;Europe
11874031;2025-11-15;1763226000;World Cup Qual. UEFA E;Europe
11884152;2025-09-09;1757460600;World Cup Qualification, CONMEBOL;South America
11884247;2025-10-12;1760230800;Int. Friendly Games;World
11886259;2024-07-10;1720569600;CONMEBOL Copa América, Knockout stage;South America
11886360;2025-11-18;1763485200;Int. Friendly Games;World
11886361;2024-06-25;1719352800;CONMEBOL Copa América, Group A;South America
11886362;2026-06-01;1780354800;Int. Friendly Games;World
11886364;2025-10-15;1760495400;Int. Friendly Games;World
11886368;2024-06-30;1719705600;CONMEBOL Copa América, Group A;South America
11886369;2025-06-06;1749171600;World Cup Qualification, CONMEBOL;South America
11886370;2024-07-01;1719792000;CONMEBOL Copa América, Group B;South America
11886372;2025-03-20;1742511600;CONCACAF Nations League, Finals;North & Central America
11886373;2024-07-10;1720569600;CONMEBOL Copa América, Knockout stage;South America
11886374;2025-03-26;1742947200;World Cup Qualification, CONMEBOL;South America
11886375;2025-03-21;1742590800;World Cup Qualification, CONMEBOL;South America
11886376;2025-11-19;1763510400;Int. Friendly Games;World
11886378;2025-03-25;1742932800;World Cup Qualification, CONMEBOL;South America
11886384;2024-06-24;1719190800;CONMEBOL Copa América, Group C;South America
11886385;2025-03-21;1742517900;World Cup Qualification, CONMEBOL;South America
11886387;2024-06-27;1719450000;CONMEBOL Copa América, Group B;South America
11886396;2024-11-20;1732060800;World Cup Qualification, CONMEBOL;South America
11886397;2026-01-18;1768770000;Int. Friendly Games;World
11886594;2025-09-09;1757458800;World Cup Qualification, CONMEBOL;South America
11886595;2024-07-06;1720303200;CONMEBOL Copa América, Knockout stage;South America
11886596;2024-11-20;1732063500;World Cup Qualification, CONMEBOL;South America
11886597;2025-11-19;1763515800;Int. Friendly Games;World
11886598;2024-11-16;1731715200;World Cup Qualification, CONMEBOL;South America
11886599;2024-07-14;1720915200;CONMEBOL Copa América, Knockout stage;South America
11886600;2025-06-11;1749600000;World Cup Qualification, CONMEBOL;South America
11896613;2026-09-24;1790275500;UEFA Nations League, League A, Gr. 2;Europe
11896617;2025-06-08;1749387600;UEFA Nations League, Finals;Europe
11900205;2024-03-22;1711136700;Int. Friendly Games;World
11900209;2024-03-21;1711050300;Int. Friendly Games;World
11940727;2024-11-19;1732028400;Africa Cup of Nations, Qualification, Group C;Africa
11940748;2024-02-03;1706990400;Africa Cup of Nations, Knockout stage;Africa
12018144;2024-07-01;1719860400;Euro, Knockout stage;Europe
12018149;2024-03-26;1711483200;Int. Friendly Games;World
12021300;2024-03-23;1711213200;Int. Friendly Games;World
12021302;2024-10-15;1729017900;UEFA Nations League, League A, Gr. 4;Europe
12021306;2024-03-26;1711480500;Int. Friendly Games;World
12021307;2024-03-26;1711482300;Int. Friendly Games;World
12021308;2024-03-26;1711485000;Int. Friendly Games;World
12026394;2025-06-07;1749263400;World Cup Qualification, CONCACAF 2nd round, Group E;North & Central America
12026398;2024-06-06;1717639200;World Cup Qualification, CONCACAF 2nd round, Group E;North & Central America
12026400;2025-06-17;1750125600;CONCACAF Gold Cup, Group C;North & Central America
12026403;2025-06-11;1749600000;World Cup Qualification, CONCACAF 2nd round, Group D;North & Central America
12026408;2024-06-10;1717981200;World Cup Qualification, CONCACAF 2nd round, Group D;North & Central America
12026409;2025-06-08;1749344400;World Cup Qualification, CONCACAF 2nd round, Group D;North & Central America
12026413;2025-06-10;1749592800;World Cup Qualification, CONCACAF 2nd round, Group C;North & Central America
12026414;2024-06-09;1717966800;World Cup Qualification, CONCACAF 2nd round, Group C;North & Central America
12026416;2024-06-06;1717707600;World Cup Qualification, CONCACAF 2nd round, Group C;North & Central America
12026420;2025-06-07;1749330000;World Cup Qualification, CONCACAF 2nd round, Group C;North & Central America
12057838;2024-11-16;1731776400;UEFA Nations League, League B, Gr. 4;Europe
12057839;2024-11-19;1732045500;UEFA Nations League, League B, Gr. 4;Europe
12057840;2024-10-14;1728931500;UEFA Nations League, League B, Gr. 4;Europe
12057842;2024-11-19;1732045500;UEFA Nations League, League B, Gr. 4;Europe
12057843;2024-10-14;1728931500;UEFA Nations League, League B, Gr. 4;Europe
12057844;2024-11-17;1731862800;UEFA Nations League, League B, Gr. 3;Europe
12057846;2024-11-14;1731596400;UEFA Nations League, League B, Gr. 3;Europe
12057847;2024-11-16;1731776400;UEFA Nations League, League B, Gr. 4;Europe
12057851;2024-10-13;1728845100;UEFA Nations League, League B, Gr. 3;Europe
12057852;2024-11-17;1731862800;UEFA Nations League, League B, Gr. 3;Europe
12057853;2024-11-14;1731596400;UEFA Nations League, League B, Gr. 3;Europe
12057855;2024-10-13;1728845100;UEFA Nations League, League B, Gr. 3;Europe
12057857;2024-11-17;1731862800;UEFA Nations League, League B, Gr. 2;Europe
12057863;2024-11-14;1731613500;UEFA Nations League, League B, Gr. 2;Europe
12057864;2024-11-14;1731613500;UEFA Nations League, League B, Gr. 2;Europe
12057867;2024-10-13;1728835200;UEFA Nations League, League B, Gr. 2;Europe
12057868;2024-11-17;1731862800;UEFA Nations League, League B, Gr. 2;Europe
12057872;2024-10-13;1728835200;UEFA Nations League, League B, Gr. 2;Europe
12057881;2024-11-15;1731699900;UEFA Nations League, League A, Gr. 4;Europe
12057882;2026-03-27;1774641600;Int. Friendly Games;World
12057883;2024-10-15;1729017900;UEFA Nations League, League A, Gr. 4;Europe
12057884;2024-11-15;1731699900;UEFA Nations League, League A, Gr. 4;Europe
12057885;2024-11-18;1731959100;UEFA Nations League, League A, Gr. 4;Europe
12057886;2024-11-15;1731699900;UEFA Nations League, League A, Gr. 4;Europe
12057887;2024-10-15;1729017900;UEFA Nations League, League A, Gr. 4;Europe
12057888;2026-03-27;1774641600;Int. Friendly Games;World
12057889;2024-11-15;1731699900;UEFA Nations League, League A, Gr. 4;Europe
12057890;2024-11-18;1731959100;UEFA Nations League, League A, Gr. 4;Europe
12057891;2024-11-18;1731959100;UEFA Nations League, League A, Gr. 4;Europe
12057892;2024-11-16;1731786300;UEFA Nations League, League A, Gr. 3;Europe
12057893;2024-11-19;1732045500;UEFA Nations League, League A, Gr. 3;Europe
12057894;2024-11-19;1732045500;UEFA Nations League, League A, Gr. 3;Europe
12057895;2024-11-16;1731786300;UEFA Nations League, League A, Gr. 3;Europe
12057896;2024-11-19;1732045500;UEFA Nations League, League A, Gr. 3;Europe
12057897;2024-11-16;1731786300;UEFA Nations League, League A, Gr. 3;Europe
12057898;2024-11-18;1731959100;UEFA Nations League, League A, Gr. 4;Europe
12057899;2024-11-16;1731786300;UEFA Nations League, League A, Gr. 3;Europe
12057900;2026-09-24;1790275500;UEFA Nations League, League A, Gr. 2;Europe
12057901;2026-09-24;1790275500;UEFA Nations League, League A, Gr. 2;Europe
12057902;2024-10-14;1728931500;UEFA Nations League, League A, Gr. 3;Europe
12057903;2024-11-19;1732045500;UEFA Nations League, League A, Gr. 3;Europe
12057904;2024-10-14;1728931500;UEFA Nations League, League A, Gr. 3;Europe
12057907;2026-09-28;1790621100;UEFA Nations League, League A, Gr. 1;Europe
12057908;2026-09-28;1790621100;UEFA Nations League, League A, Gr. 1;Europe
12057909;2026-10-02;1790966700;UEFA Nations League, League A, Gr. 1;Europe
12057911;2026-10-02;1790966700;UEFA Nations League, League A, Gr. 1;Europe
12057914;2024-11-14;1731613500;UEFA Nations League, League A, Gr. 2;Europe
12057916;2024-11-14;1731613500;UEFA Nations League, League A, Gr. 2;Europe
12057917;2024-11-18;1731959100;UEFA Nations League, League A, Gr. 1;Europe
12057918;2024-11-15;1731699900;UEFA Nations League, League A, Gr. 1;Europe
12057922;2024-10-15;1729017900;UEFA Nations League, League A, Gr. 1;Europe
12057923;2024-11-15;1731699900;UEFA Nations League, League A, Gr. 1;Europe
12057924;2024-10-15;1729017900;UEFA Nations League, League A, Gr. 1;Europe
12057926;2024-11-15;1731699900;UEFA Nations League, League A, Gr. 1;Europe
12057927;2024-10-15;1729017900;UEFA Nations League, League A, Gr. 1;Europe
12057929;2024-11-18;1731959100;UEFA Nations League, League A, Gr. 1;Europe
12057930;2024-11-15;1731699900;UEFA Nations League, League A, Gr. 1;Europe
12057936;2024-10-15;1729017900;UEFA Nations League, League A, Gr. 1;Europe
12065489;2024-03-21;1711054800;Int. Friendly Games;World
12065496;2024-03-22;1711139400;Int. Friendly Games;World
12076162;2026-03-31;1774982700;World Cup Qual. UEFA Playoffs;Europe
12076164;2024-06-08;1717862400;Int. Friendly Games;World
12076166;2024-06-08;1717882200;Int. Friendly Games;World
12076170;2025-03-23;1742749200;UEFA Nations League, Promotion/Relegation Play-offs;Europe
12076173;2026-09-28;1790621100;UEFA Nations League, League A, Gr. 1;Europe
12076175;2024-06-05;1717606800;Int. Friendly Games;World
12076176;2024-06-04;1717526700;Int. Friendly Games;World
12076177;2025-11-13;1763063100;World Cup Qual. UEFA F;Europe
12076178;2024-06-04;1717524900;Int. Friendly Games;World
12076180;2024-06-03;1717440300;Int. Friendly Games;World
12076182;2026-09-24;1790275500;UEFA Nations League, League A, Gr. 4;Europe
12076183;2024-11-18;1731959100;UEFA Nations League, League A, Gr. 1;Europe
12076185;2024-06-03;1717434000;Int. Friendly Games;World
12076186;2024-06-07;1717785900;Int. Friendly Games;World
12076353;2025-03-23;1742749200;UEFA Nations League, Promotion/Relegation Play-offs;Europe
12076357;2024-07-02;1719946800;Euro, Knockout stage;Europe
12120202;2024-06-05;1717615800;Int. Friendly Games;World
12131879;2024-03-26;1711481400;Int. Friendly Games;World
12144663;2024-03-22;1711136700;Int. Friendly Games;World
12162619;2024-03-25;1711393200;Int. Friendly Games;World
12169574;2024-03-23;1711224000;Int. Friendly Games;World
12169575;2024-03-23;1711152000;Int. Friendly Games;World
12169910;2024-03-27;1711507800;Int. Friendly Games;World
12172870;2026-06-22;1782090000;FIFA World Cup, Group G;World
12178558;2024-03-26;1711481400;Int. Friendly Games;World
12183339;2025-03-25;1742936400;World Cup Qualification, CAF, Group G;Africa
12183345;2025-09-04;1757012400;World Cup Qualification, CAF, Group G;Africa
12183365;2025-10-14;1760468400;FIFA World Cup, Qualification CAF, Group B;Africa
12183370;2025-10-12;1760295600;FIFA World Cup, Qualification CAF, Group I;Africa
12183371;2025-10-12;1760284800;FIFA World Cup, Qualification CAF, Group I;Africa
12183372;2025-10-12;1760295600;FIFA World Cup, Qualification CAF, Group I;Africa
12183373;2025-10-13;1760360400;FIFA World Cup, Qualification CAF, Group H;Africa
12183376;2025-10-13;1760360400;FIFA World Cup, Qualification CAF, Group H;Africa
12183378;2025-10-13;1760360400;FIFA World Cup, Qualification CAF, Group H;Africa
12183380;2025-10-14;1760457600;World Cup Qualification, CAF, Group G;Africa
12183381;2025-10-14;1760457600;World Cup Qualification, CAF, Group G;Africa
12183382;2025-10-14;1760468400;FIFA World Cup, Qualification CAF, Group F;Africa
12183383;2025-10-12;1760274000;FIFA World Cup, Qualification CAF, Group E;Africa
12183384;2025-10-14;1760457600;World Cup Qualification, CAF, Group G;Africa
12183387;2025-10-14;1760468400;FIFA World Cup, Qualification CAF, Group F;Africa
12183388;2025-10-14;1760446800;FIFA World Cup, Qualification CAF, Group F;Africa
12183389;2025-10-14;1760468400;FIFA World Cup, Qualification CAF, Group E;Africa
12183390;2025-10-13;1760371200;FIFA World Cup, Qualification CAF, Group D;Africa
12183391;2025-10-14;1760457600;FIFA World Cup, Qualification CAF, Group C;Africa
12183393;2025-10-13;1760371200;FIFA World Cup, Qualification CAF, Group D;Africa
12183394;2025-10-14;1760457600;FIFA World Cup, Qualification CAF, Group C;Africa
12183395;2025-10-13;1760371200;FIFA World Cup, Qualification CAF, Group D;Africa
12183396;2025-10-14;1760468400;FIFA World Cup, Qualification CAF, Group B;Africa
12183397;2025-10-13;1760360400;FIFA World Cup, Qualification CAF, Group B;Africa
12183398;2025-10-13;1760371200;FIFA World Cup, Qualification CAF, Group C;Africa
12183399;2025-10-12;1760295600;FIFA World Cup, Qualification CAF, Group A;Africa
12183400;2025-10-12;1760295600;FIFA World Cup, Qualification CAF, Group A;Africa
12183402;2025-10-09;1760025600;World Cup Qualification, CAF, Group G;Africa
12183403;2025-10-08;1759939200;FIFA World Cup, Qualification CAF, Group I;Africa
12183404;2025-10-09;1760025600;FIFA World Cup, Qualification CAF, Group H;Africa
12183405;2025-10-12;1760295600;FIFA World Cup, Qualification CAF, Group A;Africa
12183406;2025-10-10;1760112000;FIFA World Cup, Qualification CAF, Group H;Africa
12183407;2025-10-09;1760025600;World Cup Qualification, CAF, Group G;Africa
12183408;2025-10-08;1759939200;FIFA World Cup, Qualification CAF, Group I;Africa
12183409;2025-10-08;1759939200;FIFA World Cup, Qualification CAF, Group I;Africa
12183410;2025-10-09;1760025600;World Cup Qualification, CAF, Group G;Africa
12183411;2025-10-09;1760014800;FIFA World Cup, Qualification CAF, Group F;Africa
12183412;2025-10-08;1759950000;FIFA World Cup, Qualification CAF, Group E;Africa
12183413;2025-10-08;1759928400;FIFA World Cup, Qualification CAF, Group D;Africa
12183414;2025-10-10;1760101200;FIFA World Cup, Qualification CAF, Group F;Africa
12183415;2025-10-08;1759928400;FIFA World Cup, Qualification CAF, Group D;Africa
12183416;2025-10-08;1759928400;FIFA World Cup, Qualification CAF, Group D;Africa
12183417;2025-10-10;1760101200;FIFA World Cup, Qualification CAF, Group F;Africa
12183418;2025-10-08;1759950000;FIFA World Cup, Qualification CAF, Group E;Africa
12183419;2025-12-29;1767024000;Africa Cup of Nations, Group B;Africa
12183420;2025-10-10;1760101200;FIFA World Cup, Qualification CAF, Group B;Africa
12183421;2025-10-10;1760112000;FIFA World Cup, Qualification CAF, Group C;Africa
12183422;2025-10-08;1759928400;FIFA World Cup, Qualification CAF, Group A;Africa
12183423;2025-10-10;1760101200;FIFA World Cup, Qualification CAF, Group B;Africa
12183424;2025-10-10;1760101200;FIFA World Cup, Qualification CAF, Group B;Africa
12183425;2025-09-08;1757347200;FIFA World Cup, Qualification CAF, Group I;Africa
12183426;2025-10-10;1760112000;FIFA World Cup, Qualification CAF, Group C;Africa
12183427;2025-10-08;1759939200;FIFA World Cup, Qualification CAF, Group A;Africa
12183429;2025-10-08;1759939200;FIFA World Cup, Qualification CAF, Group A;Africa
12183430;2025-03-23;1742734800;FIFA World Cup, Qualification CAF, Group D;Africa
12183431;2025-09-07;1757260800;FIFA World Cup, Qualification CAF, Group I;Africa
12183432;2025-09-08;1757358000;FIFA World Cup, Qualification CAF, Group I;Africa
12183435;2025-03-25;1742918400;FIFA World Cup, Qualification CAF, Group D;Africa
12183436;2025-09-08;1757347200;World Cup Qualification, CAF, Group G;Africa
12183437;2025-09-04;1757012400;FIFA World Cup, Qualification CAF, Group D;Africa
12183438;2025-09-09;1757422800;FIFA World Cup, Qualification CAF, Group H;Africa
12183439;2025-09-08;1757336400;World Cup Qualification, CAF, Group G;Africa
12183440;2025-09-08;1757336400;FIFA World Cup, Qualification CAF, Group H;Africa
12183442;2025-10-08;1759928400;FIFA World Cup, Qualification CAF, Group D;Africa
12183443;2025-09-09;1757433600;FIFA World Cup, Qualification CAF, Group D;Africa
12183445;2025-09-05;1757088000;FIFA World Cup, Qualification CAF, Group C;Africa
12183447;2025-03-25;1742918400;FIFA World Cup, Qualification CAF, Group C;Africa
12183448;2025-12-29;1767034800;Africa Cup of Nations, Group A;Africa
12183450;2025-09-09;1757444400;FIFA World Cup, Qualification CAF, Group D;Africa
12183451;2025-09-09;1757450700;FIFA World Cup, Qualification CAF, Group C;Africa
12183452;2025-09-09;1757422800;FIFA World Cup, Qualification CAF, Group C;Africa
12183453;2025-09-09;1757433600;FIFA World Cup, Qualification CAF, Group C;Africa
12183454;2025-09-09;1757433600;FIFA World Cup, Qualification CAF, Group B;Africa
12183458;2025-09-08;1757347200;World Cup Qualification, CAF, Group G;Africa
12183459;2025-09-09;1757444400;FIFA World Cup, Qualification CAF, Group F;Africa
12183460;2025-09-09;1757444400;FIFA World Cup, Qualification CAF, Group B;Africa
12183461;2025-09-09;1757422800;FIFA World Cup, Qualification CAF, Group E;Africa
12183462;2025-12-27;1766847600;Africa Cup of Nations, Group D;Africa
12183465;2025-12-31;1767207600;Africa Cup of Nations, Group F;Africa
12183466;2025-03-23;1742734800;FIFA World Cup, Qualification CAF, Group D;Africa
12183469;2025-09-09;1757433600;FIFA World Cup, Qualification CAF, Group A;Africa
12183470;2025-09-09;1757422800;FIFA World Cup, Qualification CAF, Group F;Africa
12183471;2025-03-25;1742936400;FIFA World Cup, Qualification CAF, Group B;Africa
12183472;2026-01-03;1767456000;Africa Cup of Nations, Knockout stage;Africa
12183473;2025-10-08;1759928400;FIFA World Cup, Qualification CAF, Group D;Africa
12183476;2025-09-04;1756990800;FIFA World Cup, Qualification CAF, Group I;Africa
12183477;2025-03-25;1742936400;FIFA World Cup, Qualification CAF, Group B;Africa
12183478;2025-09-08;1757358000;FIFA World Cup, Qualification CAF, Group D;Africa
12183479;2025-12-29;1767034800;Africa Cup of Nations, Group A;Africa
12183480;2025-09-04;1757001600;FIFA World Cup, Qualification CAF, Group D;Africa
12183483;2025-09-04;1757001600;FIFA World Cup, Qualification CAF, Group I;Africa
12183486;2025-09-05;1757077200;FIFA World Cup, Qualification CAF, Group B;Africa
12183488;2025-09-05;1757077200;FIFA World Cup, Qualification CAF, Group H;Africa
12183490;2025-10-10;1760101200;FIFA World Cup, Qualification CAF, Group B;Africa
12183494;2025-09-04;1757012400;World Cup Qualification, CAF, Group G;Africa
12183495;2025-09-04;1757001600;FIFA World Cup, Qualification CAF, Group H;Africa
12183497;2025-09-05;1757088000;World Cup Qualification, CAF, Group G;Africa
12183498;2025-09-09;1757433600;FIFA World Cup, Qualification CAF, Group D;Africa
12183499;2025-09-05;1757098800;FIFA World Cup, Qualification CAF, Group F;Africa
12183500;2025-09-03;1756904400;FIFA World Cup, Qualification CAF, Group F;Africa
12183501;2025-09-05;1757077200;FIFA World Cup, Qualification CAF, Group F;Africa
12183502;2025-09-05;1757088000;FIFA World Cup, Qualification CAF, Group E;Africa
12183503;2025-09-04;1757001600;FIFA World Cup, Qualification CAF, Group D;Africa
12183504;2025-09-05;1757073600;World Cup Qualification, CAF, Group G;Africa
12183505;2025-09-05;1757098800;FIFA World Cup, Qualification CAF, Group E;Africa
12183506;2025-09-04;1757012400;FIFA World Cup, Qualification CAF, Group D;Africa
12183507;2025-09-04;1757001600;FIFA World Cup, Qualification CAF, Group D;Africa
12183509;2025-03-25;1742929200;FIFA World Cup, Qualification CAF, Group A;Africa
12183512;2025-09-05;1757088000;FIFA World Cup, Qualification CAF, Group C;Africa
12183514;2025-09-05;1757098800;FIFA World Cup, Qualification CAF, Group A;Africa
12183515;2025-09-06;1757174400;FIFA World Cup, Qualification CAF, Group C;Africa
12183517;2025-09-05;1757088000;FIFA World Cup, Qualification CAF, Group C;Africa
12183519;2026-01-03;1767456000;Africa Cup of Nations, Knockout stage;Africa
12183520;2025-09-05;1757077200;FIFA World Cup, Qualification CAF, Group B;Africa
12183523;2025-09-05;1757098800;FIFA World Cup, Qualification CAF, Group B;Africa
12183529;2025-09-05;1757098800;FIFA World Cup, Qualification CAF, Group A;Africa
12183531;2025-09-04;1757001600;FIFA World Cup, Qualification CAF, Group A;Africa
12183532;2025-09-05;1757088000;FIFA World Cup, Qualification CAF, Group A;Africa
12186211;2024-03-23;1711220400;Int. Friendly Games;World
12186212;2024-03-26;1711472400;Int. Friendly Games;World
12189923;2024-03-26;1711483200;Int. Friendly Games;World
12189925;2024-03-26;1711483200;Int. Friendly Games;World
12198159;2025-10-14;1760467500;World Cup Qual. UEFA E;Europe
12198161;2024-06-26;1719428400;Euro, Group F;Europe
12198302;2025-11-14;1763149500;World Cup Qual. UEFA G;Europe
12198303;2024-06-21;1718985600;Euro, Group D;Europe
12198304;2024-06-25;1719331200;Euro, Group D;Europe
12201463;2024-06-08;1717873200;World Cup Qualification, CONCACAF 2nd round, Group E;North & Central America
12208861;2026-09-27;1790534700;UEFA Nations League, League A, Gr. 2;Europe
12208868;2024-06-03;1717440300;Int. Friendly Games;World
12258867;2025-03-21;1742524200;CONCACAF Nations League, Finals;North & Central America
12258874;2025-11-16;1763254800;Int. Friendly Games;World
12258876;2024-06-06;1717699500;Int. Friendly Games;World
12258882;2024-06-08;1717875000;Int. Friendly Games;World
12258884;2025-09-09;1757458800;World Cup Qualification, CONMEBOL;South America
12258886;2024-06-10;1718045100;Int. Friendly Games;World
12258888;2025-03-20;1742511600;World Cup Qualification, CONMEBOL;South America
12258889;2024-06-15;1718409600;Int. Friendly Games;World
12258890;2024-06-16;1718577000;Int. Friendly Games;World
12258891;2024-09-08;1725757200;Int. Friendly Games;World
12322870;2024-06-10;1718045100;Int. Friendly Games;World
12325285;2024-06-05;1717614000;Int. Friendly Games;World
12325287;2024-06-09;1717960500;Int. Friendly Games;World
12340923;2025-09-04;1757028600;World Cup Qualification, CONMEBOL;South America
12369636;2024-06-01;1717207200;Int. Friendly Games;World
12430706;2024-06-18;1718683200;OFC Men's Nations Cup A;Oceania
12430711;2024-11-15;1731652200;World Cup Qualification, OFC 2nd round, Group B;Oceania
12441436;2024-11-19;1731974400;CONCACAF Nations League, League B, Group C;North & Central America
12441442;2024-11-19;1731974400;CONCACAF Nations League, League B, Group C;North & Central America
12441449;2024-11-15;1731704400;CONCACAF Nations League, League B, Group C;North & Central America
12441450;2025-06-07;1749330000;World Cup Qualification, CONCACAF 2nd round, Group C;North & Central America
12441454;2025-06-07;1749330000;World Cup Qualification, CONCACAF 2nd round, Group C;North & Central America
12441462;2024-11-15;1731704400;CONCACAF Nations League, League B, Group C;North & Central America
12441495;2024-09-06;1725588000;CONCACAF Nations League, League A, Group A;North & Central America
12441497;2024-10-16;1729036800;CONCACAF Nations League, League A, Group A;North & Central America
12441498;2025-03-26;1742949000;CONCACAF Gold Cup, Preliminary Round;North & Central America
12441505;2024-10-16;1729036800;CONCACAF Nations League, League A, Group A;North & Central America
12452317;2024-10-11;1728612000;World Cup Qualification, OFC 2nd round, Group B;Oceania
12467087;2024-11-15;1731652200;World Cup Qualification, OFC 2nd round, Group B;Oceania
12475002;2025-12-12;1765549800;Arab Cup, Knockout Stage;World
12475005;2025-03-20;1742494500;World Cup Qualification, AFC, Round 3, Group B;Asia
12475008;2025-03-25;1742900400;World Cup Qualification, AFC, Round 3, Group B;Asia
12475009;2025-12-06;1765018800;Arab Cup, Group C;World
12475012;2024-11-19;1732040100;World Cup Qualification, AFC, Round 3, Gr. C;Asia
12475014;2025-06-10;1749553200;World Cup Qualification, AFC, Round 3, Gr. C;Asia
12475015;2025-12-06;1765018800;Arab Cup, Group C;World
12475016;2025-03-20;1742466900;World Cup Qualification, AFC, Round 3, Gr. C;Asia
12475018;2024-11-19;1732024800;World Cup Qualification, AFC, Round 3, Group B;Asia
12475019;2025-06-05;1749139200;World Cup Qualification, AFC, Round 3, Group B;Asia
12475021;2025-03-20;1742494500;World Cup Qualification, AFC, Round 3, Group B;Asia
12475022;2025-06-10;1749553200;World Cup Qualification, AFC, Round 3, Group B;Asia
12475923;2025-03-25;1742900400;World Cup Qualification, AFC, Round 3, Gr. C;Asia
12475925;2025-06-10;1749579300;World Cup Qualification, AFC, Round 3, Gr. C;Asia
12475927;2025-06-05;1749131100;World Cup Qualification, AFC, Round 3, Gr. C;Asia
12475928;2027-01-11;1799661600;AFC Asian Cup, Group F;Asia
12475929;2025-06-10;1749553200;World Cup Qualification, AFC, Round 3, Gr. C;Asia
12475930;2025-06-05;1749131100;World Cup Qualification, AFC, Round 3, Gr. C;Asia
12475932;2025-03-20;1742461800;World Cup Qualification, AFC, Round 3, Gr. C;Asia
12475933;2025-06-10;1749579300;World Cup Qualification, AFC, Round 3, Gr. C;Asia
12475934;2025-03-20;1742466900;World Cup Qualification, AFC, Round 3, Gr. C;Asia
12475935;2025-06-05;1749121800;World Cup Qualification, AFC, Round 3, Gr. C;Asia
12475936;2027-01-11;1799661600;AFC Asian Cup, Group F;Asia
12475937;2025-03-20;1742494500;World Cup Qualification, AFC, Round 3, Gr. C;Asia
12475938;2025-07-12;1752315840;EAFF E-1 Football Championship;Asia
12475940;2025-03-25;1742898900;World Cup Qualification, AFC, Round 3, Gr. C;Asia
12475941;2025-06-05;1749121800;World Cup Qualification, AFC, Round 3, Gr. C;Asia
12475942;2025-03-20;1742461800;World Cup Qualification, AFC, Round 3, Gr. C;Asia
12475943;2025-06-05;1749139200;World Cup Qualification, AFC, Round 3, Group B;Asia
12475944;2025-03-20;1742494500;World Cup Qualification, AFC, Round 3, Gr. C;Asia
12475945;2025-03-25;1742898900;World Cup Qualification, AFC, Round 3, Gr. C;Asia
12475947;2025-03-25;1742900400;World Cup Qualification, AFC, Round 3, Gr. C;Asia
12475948;2025-07-12;1752315840;EAFF E-1 Football Championship;Asia
12475949;2025-06-10;1749553200;World Cup Qualification, AFC, Round 3, Group B;Asia
12475951;2024-11-19;1732040100;World Cup Qualification, AFC, Round 3, Gr. C;Asia
12475952;2025-06-05;1749147300;World Cup Qualification, AFC, Round 3, Group B;Asia
12475953;2025-03-25;1742900400;World Cup Qualification, AFC, Round 3, Group B;Asia
12475955;2025-12-12;1765549800;Arab Cup, Knockout Stage;World
12475958;2025-03-20;1742468400;World Cup Qualification, AFC, Round 3, Group B;Asia
12475959;2025-06-05;1749147300;World Cup Qualification, AFC, Round 3, Group B;Asia
12475962;2025-03-20;1742468400;World Cup Qualification, AFC, Round 3, Group B;Asia
12475963;2024-11-19;1732024800;World Cup Qualification, AFC, Round 3, Group B;Asia
12475965;2025-06-10;1749571200;World Cup Qualification, AFC, Round 3, Group A;Asia
12475967;2025-06-05;1749147300;World Cup Qualification, AFC, Round 3, Group A;Asia
12475968;2025-06-05;1749139200;World Cup Qualification, AFC, Round 3, Group A;Asia
12475974;2025-11-18;1763481600;Int. Friendly Games;World
12475975;2027-01-13;1799834400;AFC Asian Cup, Group C;Asia
12475977;2025-03-20;1742486400;World Cup Qualification, AFC, Round 3, Group A;Asia
12475980;2025-06-05;1749147300;World Cup Qualification, AFC, Round 3, Group A;Asia
12475983;2025-06-10;1749571200;World Cup Qualification, AFC, Round 3, Group A;Asia
12475985;2025-11-18;1763481600;Int. Friendly Games;World
12475988;2025-03-20;1742486400;World Cup Qualification, AFC, Round 3, Group A;Asia
12475990;2025-06-10;1749563100;World Cup Qualification, AFC, Round 3, Group A;Asia
12475992;2027-01-13;1799834400;AFC Asian Cup, Group C;Asia
12476093;2025-06-10;1749563100;World Cup Qualification, AFC, Round 3, Group A;Asia
12518996;2025-03-23;1742767200;CONCACAF Nations League, Finals;North & Central America
12518999;2024-09-10;1726009200;Int. Friendly Games;World
12519001;2025-03-20;1742511600;CONCACAF Nations League, Finals;North & Central America
12526620;2024-10-15;1729008000;Africa Cup of Nations, Qualification, Group K;Africa
12526622;2024-11-19;1732032000;Africa Cup of Nations, Qualification, Group K;Africa
12526627;2024-10-15;1729008000;Africa Cup of Nations, Qualification, Group K;Africa
12526628;2024-11-19;1732032000;Africa Cup of Nations, Qualification, Group K;Africa
12526643;2024-10-14;1728932400;Africa Cup of Nations, Qualification, Group I;Africa
12526647;2024-11-19;1732032000;Africa Cup of Nations, Qualification, Group I;Africa
12526649;2024-10-14;1728932400;Africa Cup of Nations, Qualification, Group I;Africa
12526650;2024-11-15;1731686400;Africa Cup of Nations, Qualification, Group I;Africa
12526651;2024-11-15;1731686400;Africa Cup of Nations, Qualification, Group I;Africa
12526654;2024-11-19;1732032000;Africa Cup of Nations, Qualification, Group H;Africa
12526655;2024-10-15;1728997200;Africa Cup of Nations, Qualification, Group H;Africa
12526658;2024-11-19;1732032000;Africa Cup of Nations, Qualification, Group H;Africa
12526659;2024-11-16;1731783600;Africa Cup of Nations, Qualification, Group H;Africa
12526660;2024-10-15;1728997200;Africa Cup of Nations, Qualification, Group H;Africa
12526661;2024-11-16;1731783600;Africa Cup of Nations, Qualification, Group H;Africa
12526690;2025-12-31;1767196800;Africa Cup of Nations, Group E;Africa
12526693;2024-11-17;1731859200;Africa Cup of Nations, Qualification, Group E;Africa
12526712;2024-11-19;1732028400;Africa Cup of Nations, Qualification, Group C;Africa
12526713;2024-10-15;1729008000;Africa Cup of Nations, Qualification, Group C;Africa
12526715;2024-10-15;1729008000;Africa Cup of Nations, Qualification, Group C;Africa
12526718;2024-10-15;1729008000;Africa Cup of Nations, Qualification, Group C;Africa
12526719;2024-11-19;1732028400;Africa Cup of Nations, Qualification, Group C;Africa
12526721;2024-10-15;1729008000;Africa Cup of Nations, Qualification, Group C;Africa
12526722;2024-11-19;1732028400;Africa Cup of Nations, Qualification, Group C;Africa
12526723;2025-11-17;1763395200;Int. Friendly Games;World
12526751;2025-08-18;1755536400;African Nations Championship, Group C;Africa
12526764;2024-11-19;1732032000;Africa Cup of Nations, Qualification, Group I;Africa
12526771;2024-11-19;1732028400;Africa Cup of Nations, Qualification, Group C;Africa
12526773;2025-11-17;1763395200;Int. Friendly Games;World
12716813;2025-06-11;1749602700;World Cup Qualification, CONMEBOL;South America
12716814;2025-06-10;1749596400;World Cup Qualification, CONMEBOL;South America
12716815;2025-06-05;1749164400;World Cup Qualification, CONMEBOL;South America
12716816;2025-06-06;1749171600;World Cup Qualification, CONMEBOL;South America
12716818;2025-06-11;1749605400;World Cup Qualification, CONMEBOL;South America
12716820;2025-06-06;1749247200;World Cup Qualification, CONMEBOL;South America
12716821;2025-06-11;1749600000;World Cup Qualification, CONMEBOL;South America
12716824;2025-06-06;1749241800;World Cup Qualification, CONMEBOL;South America
12716825;2025-06-10;1749585600;World Cup Qualification, CONMEBOL;South America
12716834;2025-06-05;1749164400;World Cup Qualification, CONMEBOL;South America
12749524;2025-07-06;1751842800;CONCACAF Gold Cup, Knockout stage;North & Central America
12851457;2024-10-16;1729036800;World Cup Qualification, CONMEBOL;South America
12851458;2024-10-15;1729033200;World Cup Qualification, CONMEBOL;South America
12851459;2024-10-15;1729035000;World Cup Qualification, CONMEBOL;South America
12851460;2024-10-15;1729024200;World Cup Qualification, CONMEBOL;South America
12851461;2025-09-04;1757028600;World Cup Qualification, CONMEBOL;South America
12851462;2025-09-05;1757032200;World Cup Qualification, CONMEBOL;South America
12851463;2025-09-04;1757028600;World Cup Qualification, CONMEBOL;South America
12851464;2025-10-11;1760140800;Int. Friendly Games;World
12851466;2025-09-04;1757028600;World Cup Qualification, CONMEBOL;South America
12965010;2024-10-15;1729035000;Int. Friendly Games;World
12977649;2024-11-14;1731627000;World Cup Qualification, CONMEBOL;South America
12995966;2024-11-14;1731618000;World Cup Qualification, CONMEBOL;South America
12995967;2024-11-15;1731628800;World Cup Qualification, CONMEBOL;South America
12995968;2024-11-16;1731715200;World Cup Qualification, CONMEBOL;South America
12995969;2025-11-18;1763485200;Int. Friendly Games;World
12995970;2024-11-19;1732046400;World Cup Qualification, CONMEBOL;South America
12995971;2024-11-19;1732057200;World Cup Qualification, CONMEBOL;South America
12995972;2024-11-20;1732060800;World Cup Qualification, CONMEBOL;South America
12995973;2024-11-20;1732060800;World Cup Qualification, CONMEBOL;South America
12995974;2024-11-20;1732063500;World Cup Qualification, CONMEBOL;South America
13006396;2024-11-19;1731981600;CONCACAF Nations League, Finals;North & Central America
13006397;2024-11-19;1731978000;CONCACAF Nations League, Finals;North & Central America
13006402;2024-11-20;1732062600;CONCACAF Nations League, Finals;North & Central America
13006403;2025-07-03;1751508000;CONCACAF Gold Cup, Knockout stage;North & Central America
13006404;2024-11-19;1731981600;CONCACAF Nations League, Finals;North & Central America
13006405;2024-11-19;1731978000;CONCACAF Nations League, Finals;North & Central America
13006406;2025-07-03;1751508000;CONCACAF Gold Cup, Knockout stage;North & Central America
13006407;2024-11-20;1732062600;CONCACAF Nations League, Finals;North & Central America
13078206;2024-11-14;1731587400;Int. Friendly Games;World
13129487;2025-03-21;1742599800;World Cup Qualification, CONMEBOL;South America
13129489;2025-03-21;1742517900;World Cup Qualification, CONMEBOL;South America
13129490;2025-03-20;1742511600;World Cup Qualification, CONMEBOL;South America
13129491;2025-03-21;1742590800;World Cup Qualification, CONMEBOL;South America
13129492;2025-03-26;1742947200;World Cup Qualification, CONMEBOL;South America
13129493;2025-03-26;1742947200;World Cup Qualification, CONMEBOL;South America
13129494;2025-03-25;1742932800;World Cup Qualification, CONMEBOL;South America
13129495;2025-03-26;1742947200;World Cup Qualification, CONMEBOL;South America
13129496;2025-03-26;1742947200;World Cup Qualification, CONMEBOL;South America
13152430;2025-03-21;1742524200;CONCACAF Nations League, Finals;North & Central America
13152431;2025-03-20;1742511600;CONCACAF Nations League, Finals;North & Central America
13157426;2026-03-31;1774972800;UEFA Nations League, Promotion/Relegation Play-offs;Europe
13157427;2026-03-31;1774972800;UEFA Nations League, Promotion/Relegation Play-offs;Europe
13157429;2026-03-31;1774972800;UEFA Nations League, Promotion/Relegation Play-offs;Europe
13157430;2026-03-31;1774972800;UEFA Nations League, Promotion/Relegation Play-offs;Europe
13157441;2025-03-23;1742749200;UEFA Nations League, Promotion/Relegation Play-offs;Europe
13157442;2025-03-23;1742749200;UEFA Nations League, Promotion/Relegation Play-offs;Europe
13157444;2025-03-23;1742759100;UEFA Nations League, Promotion/Relegation Play-offs;Europe
13157445;2025-03-23;1742759100;UEFA Nations League, Promotion/Relegation Play-offs;Europe
13157446;2025-03-23;1742749200;UEFA Nations League, Promotion/Relegation Play-offs;Europe
13157447;2025-03-23;1742749200;UEFA Nations League, Promotion/Relegation Play-offs;Europe
13157479;2025-03-23;1742759100;UEFA Nations League, Finals;Europe
13157480;2025-03-23;1742759100;UEFA Nations League, Finals;Europe
13157481;2026-10-01;1790880300;UEFA Nations League, League A, Gr. 4;Europe
13157482;2026-10-01;1790880300;UEFA Nations League, League A, Gr. 4;Europe
13157483;2025-03-23;1742759100;UEFA Nations League, Finals;Europe
13157484;2025-03-23;1742759100;UEFA Nations League, Finals;Europe
13157485;2025-03-23;1742759100;UEFA Nations League, Finals;Europe
13157486;2025-03-23;1742759100;UEFA Nations League, Finals;Europe
13157876;2025-06-08;1749387600;UEFA Nations League, Finals;Europe
13157877;2025-06-08;1749409200;UEFA Nations League, Finals;Europe
13157878;2025-06-05;1749150000;UEFA Nations League, Finals;Europe
13157879;2025-06-04;1749064200;UEFA Nations League, Finals;Europe
13213644;2025-11-18;1763468100;AFC Asian Cup, Qualification Group B;Asia
13218563;2025-11-18;1763468100;AFC Asian Cup, Qualification Group B;Asia
13218575;2026-06-04;1780588800;AFC Asian Cup, Qualification Group B;Asia
13218586;2025-10-14;1760457600;AFC Asian Cup, Qualification Group B;Asia
13218587;2025-10-14;1760443200;AFC Asian Cup, Qualification Group C;Asia
13218589;2025-10-14;1760449500;AFC Asian Cup, Qualification Group D;Asia
13218590;2025-10-14;1760437800;AFC Asian Cup, Qualification Group D;Asia
13218598;2025-10-14;1760457600;AFC Asian Cup, Qualification Group B;Asia
13218599;2025-10-14;1760443200;AFC Asian Cup, Qualification Group C;Asia
13218601;2025-10-14;1760449500;AFC Asian Cup, Qualification Group D;Asia
13218602;2025-10-14;1760437800;AFC Asian Cup, Qualification Group D;Asia
13218604;2025-10-14;1760437800;AFC Asian Cup, Qualification Group E;Asia
13218612;2025-11-18;1763467200;AFC Asian Cup, Qualification Group C;Asia
13218613;2025-11-18;1763460900;AFC Asian Cup, Qualification Group D;Asia
13218614;2025-11-18;1763473500;AFC Asian Cup, Qualification Group D;Asia
13218615;2025-11-18;1763456400;AFC Asian Cup, Qualification Group E;Asia
13218623;2026-03-31;1774963800;AFC Asian Cup, Qualification Group C;Asia
13218625;2026-03-31;1774960200;AFC Asian Cup, Qualification Group D;Asia
13218627;2026-03-31;1774973700;AFC Asian Cup, Qualification Group E;Asia
13233397;2026-09-28;1790621100;UEFA Nations League, League B, Gr. 4;Europe
13233399;2025-11-16;1763312400;World Cup Qual. UEFA K;Europe
13233402;2025-11-14;1763139600;World Cup Qual. UEFA G;Europe
13233409;2025-10-09;1760035500;World Cup Qual. UEFA H;Europe
13233412;2025-10-14;1760467500;World Cup Qual. UEFA K;Europe
13233413;2025-10-09;1760025600;World Cup Qual. UEFA G;Europe
13233423;2025-10-10;1760121900;World Cup Qual. UEFA J;Europe
13233427;2025-10-12;1760294700;World Cup Qual. UEFA L;Europe
13233428;2025-09-06;1757184300;World Cup Qual. UEFA H;Europe
13233429;2025-09-06;1757174400;World Cup Qual. UEFA K;Europe
13233431;2025-10-12;1760294700;World Cup Qual. UEFA H;Europe
13233433;2025-10-12;1760284800;World Cup Qual. UEFA G;Europe
13233438;2025-10-13;1760381100;World Cup Qual. UEFA J;Europe
13233446;2026-09-26;1790448300;UEFA Nations League, League A, Gr. 3;Europe
13233448;2025-10-09;1760035500;World Cup Qual. UEFA H;Europe
13233451;2025-09-07;1757270700;World Cup Qual. UEFA G;Europe
13233452;2025-10-09;1760035500;World Cup Qual. UEFA G;Europe
13233453;2025-09-04;1756994400;World Cup Qual. UEFA J;Europe
13233454;2025-10-14;1760467500;World Cup Qual. UEFA E;Europe
13233455;2025-11-17;1763408700;World Cup Qual. UEFA A;Europe
13233456;2025-11-17;1763408700;World Cup Qual. UEFA A;Europe
13233457;2025-10-14;1760467500;World Cup Qual. UEFA E;Europe
13233458;2025-11-18;1763495100;World Cup Qual. UEFA J;Europe
13233459;2025-09-04;1757001600;World Cup Qual. UEFA G;Europe
13233460;2025-11-14;1763149500;World Cup Qual. UEFA G;Europe
13233461;2025-11-18;1763495100;World Cup Qual. UEFA B;Europe
13233462;2025-11-18;1763495100;World Cup Qual. UEFA B;Europe
13233463;2025-11-18;1763495100;World Cup Qual. UEFA C;Europe
13233464;2025-11-18;1763495100;World Cup Qual. UEFA C;Europe
13233465;2025-11-13;1763053200;World Cup Qual. UEFA D;Europe
13233466;2025-11-13;1763063100;World Cup Qual. UEFA D;Europe
13233467;2025-11-16;1763322300;World Cup Qual. UEFA I;Europe
13233468;2025-10-11;1760208300;World Cup Qual. UEFA I;Europe
13233469;2025-11-14;1763149500;World Cup Qual. UEFA L;Europe
13233470;2025-09-05;1757097900;World Cup Qual. UEFA L;Europe
13233471;2025-11-16;1763312400;World Cup Qual. UEFA K;Europe
13233472;2025-11-16;1763301600;World Cup Qual. UEFA F;Europe
13233474;2025-09-06;1757174400;World Cup Qual. UEFA K;Europe
13233475;2025-11-16;1763301600;World Cup Qual. UEFA F;Europe
13233476;2025-11-15;1763226000;World Cup Qual. UEFA H;Europe
13233477;2025-09-06;1757184300;World Cup Qual. UEFA H;Europe
13233478;2025-11-18;1763495100;World Cup Qual. UEFA E;Europe
13233479;2025-09-07;1757260800;World Cup Qual. UEFA J;Europe
13233480;2025-10-13;1760381100;World Cup Qual. UEFA A;Europe
13233481;2025-10-13;1760381100;World Cup Qual. UEFA A;Europe
13233482;2025-11-18;1763495100;World Cup Qual. UEFA E;Europe
13233483;2025-11-15;1763215200;World Cup Qual. UEFA J;Europe
13233484;2025-11-17;1763408700;World Cup Qual. UEFA G;Europe
13233485;2025-09-07;1757270700;World Cup Qual. UEFA G;Europe
13233486;2025-10-13;1760381100;World Cup Qual. UEFA B;Europe
13233487;2026-09-24;1790275500;UEFA Nations League, League B, Gr. 1;Europe
13233488;2025-10-12;1760284800;World Cup Qual. UEFA C;Europe
13233489;2025-10-12;1760294700;World Cup Qual. UEFA C;Europe
13233576;2025-10-14;1760467500;World Cup Qual. UEFA I;Europe
13233577;2025-09-09;1757443500;World Cup Qual. UEFA I;Europe
13233578;2025-09-08;1757357100;World Cup Qual. UEFA L;Europe
13233579;2025-11-17;1763408700;World Cup Qual. UEFA L;Europe
13233580;2025-10-13;1760381100;World Cup Qual. UEFA D;Europe
13233581;2025-10-14;1760467500;World Cup Qual. UEFA F;Europe
13233582;2025-10-13;1760381100;World Cup Qual. UEFA D;Europe
13233583;2025-10-14;1760467500;World Cup Qual. UEFA F;Europe
13233584;2025-11-18;1763495100;World Cup Qual. UEFA H;Europe
13233585;2025-09-09;1757443500;World Cup Qual. UEFA H;Europe
13233586;2025-09-09;1757443500;World Cup Qual. UEFA K;Europe
13233587;2025-11-13;1763063100;World Cup Qual. UEFA K;Europe
13233588;2025-11-15;1763235900;World Cup Qual. UEFA C;Europe
13233589;2025-11-15;1763235900;World Cup Qual. UEFA C;Europe
13233590;2025-10-09;1760035500;World Cup Qual. UEFA H;Europe
13233591;2025-10-09;1760035500;World Cup Qual. UEFA H;Europe
13233592;2025-10-09;1760025600;World Cup Qual. UEFA G;Europe
13233593;2025-10-09;1760035500;World Cup Qual. UEFA G;Europe
13233594;2026-09-26;1790448300;UEFA Nations League, League A, Gr. 3;Europe
13233595;2025-10-09;1760035500;World Cup Qual. UEFA L;Europe
13233596;2025-10-10;1760104800;World Cup Qual. UEFA J;Europe
13233597;2025-11-15;1763235900;World Cup Qual. UEFA B;Europe
13233598;2025-11-15;1763235900;World Cup Qual. UEFA B;Europe
13233599;2025-11-14;1763149500;World Cup Qual. UEFA A;Europe
13233600;2025-11-14;1763149500;World Cup Qual. UEFA A;Europe
13233601;2025-11-16;1763312400;World Cup Qual. UEFA D;Europe
13233602;2025-11-16;1763312400;World Cup Qual. UEFA D;Europe
13233603;2025-10-10;1760121900;World Cup Qual. UEFA J;Europe
13233604;2025-10-11;1760187600;World Cup Qual. UEFA K;Europe
13233606;2025-10-11;1760198400;World Cup Qual. UEFA I;Europe
13233607;2025-11-15;1763226000;World Cup Qual. UEFA E;Europe
13233608;2025-11-15;1763226000;World Cup Qual. UEFA E;Europe
13233609;2025-11-13;1763063100;World Cup Qual. UEFA F;Europe
13233610;2025-10-11;1760208300;World Cup Qual. UEFA I;Europe
13233611;2025-10-11;1760208300;World Cup Qual. UEFA K;Europe
13233612;2025-10-12;1760274000;World Cup Qual. UEFA H;Europe
13233613;2025-10-12;1760284800;World Cup Qual. UEFA C;Europe
13233614;2025-10-12;1760284800;World Cup Qual. UEFA L;Europe
13233626;2025-10-12;1760294700;World Cup Qual. UEFA C;Europe
13233627;2025-10-12;1760294700;World Cup Qual. UEFA H;Europe
13233628;2025-10-12;1760294700;World Cup Qual. UEFA G;Europe
13233629;2025-10-12;1760284800;World Cup Qual. UEFA G;Europe
13233630;2025-10-12;1760294700;World Cup Qual. UEFA L;Europe
13233631;2026-09-24;1790275500;UEFA Nations League, League B, Gr. 1;Europe
13233632;2025-10-13;1760381100;World Cup Qual. UEFA B;Europe
13233633;2025-10-13;1760381100;World Cup Qual. UEFA A;Europe
13233634;2025-10-13;1760381100;World Cup Qual. UEFA A;Europe
13233635;2025-10-13;1760381100;World Cup Qual. UEFA D;Europe
13233636;2025-10-13;1760381100;World Cup Qual. UEFA D;Europe
13233637;2025-10-13;1760381100;World Cup Qual. UEFA J;Europe
13233638;2025-10-13;1760381100;World Cup Qual. UEFA J;Europe
13233639;2025-10-14;1760467500;World Cup Qual. UEFA E;Europe
13233640;2025-10-14;1760467500;World Cup Qual. UEFA E;Europe
13233641;2025-10-14;1760467500;World Cup Qual. UEFA F;Europe
13233642;2025-10-14;1760467500;World Cup Qual. UEFA F;Europe
13233644;2025-10-14;1760457600;World Cup Qual. UEFA I;Europe
13233645;2025-10-14;1760467500;World Cup Qual. UEFA I;Europe
13233646;2025-10-14;1760467500;World Cup Qual. UEFA K;Europe
13233647;2025-10-14;1760467500;World Cup Qual. UEFA K;Europe
13233648;2025-11-13;1763053200;World Cup Qual. UEFA D;Europe
13233650;2025-11-13;1763053200;World Cup Qual. UEFA I;Europe
13233651;2025-11-13;1763063100;World Cup Qual. UEFA F;Europe
13233652;2025-11-13;1763063100;World Cup Qual. UEFA I;Europe
13233653;2025-11-13;1763063100;World Cup Qual. UEFA K;Europe
13233654;2025-11-13;1763063100;World Cup Qual. UEFA K;Europe
13233655;2025-11-13;1763063100;World Cup Qual. UEFA D;Europe
13233656;2025-11-14;1763139600;World Cup Qual. UEFA G;Europe
13233657;2025-11-14;1763149500;World Cup Qual. UEFA A;Europe
13233658;2025-11-14;1763149500;World Cup Qual. UEFA A;Europe
13233659;2025-11-14;1763149500;World Cup Qual. UEFA G;Europe
13233660;2025-11-14;1763149500;World Cup Qual. UEFA L;Europe
13233661;2025-11-14;1763149500;World Cup Qual. UEFA L;Europe
13233662;2025-11-15;1763215200;World Cup Qual. UEFA J;Europe
13233663;2025-11-15;1763226000;World Cup Qual. UEFA E;Europe
13233664;2025-11-15;1763226000;World Cup Qual. UEFA E;Europe
13233665;2025-11-15;1763226000;World Cup Qual. UEFA H;Europe
13233666;2025-11-15;1763226000;World Cup Qual. UEFA J;Europe
13233667;2025-11-15;1763235900;World Cup Qual. UEFA B;Europe
13233668;2025-11-15;1763235900;World Cup Qual. UEFA B;Europe
13233669;2025-11-15;1763235900;World Cup Qual. UEFA C;Europe
13233670;2025-11-15;1763235900;World Cup Qual. UEFA C;Europe
13233671;2026-09-28;1790621100;UEFA Nations League, League B, Gr. 4;Europe
13233672;2025-11-16;1763301600;World Cup Qual. UEFA F;Europe
13233673;2025-11-16;1763301600;World Cup Qual. UEFA F;Europe
13233674;2025-11-16;1763312400;World Cup Qual. UEFA D;Europe
13233675;2025-11-16;1763312400;World Cup Qual. UEFA D;Europe
13233676;2025-11-16;1763312400;World Cup Qual. UEFA K;Europe
13233677;2025-11-16;1763312400;World Cup Qual. UEFA K;Europe
13233678;2025-11-16;1763322300;World Cup Qual. UEFA I;Europe
13233679;2025-11-16;1763322300;World Cup Qual. UEFA I;Europe
13233680;2025-11-17;1763408700;World Cup Qual. UEFA A;Europe
13233681;2025-11-17;1763408700;World Cup Qual. UEFA A;Europe
13233682;2025-11-17;1763408700;World Cup Qual. UEFA G;Europe
13233683;2025-11-17;1763408700;World Cup Qual. UEFA G;Europe
13233684;2025-11-17;1763408700;World Cup Qual. UEFA L;Europe
13233686;2025-11-17;1763408700;World Cup Qual. UEFA L;Europe
13233687;2025-11-18;1763495100;World Cup Qual. UEFA B;Europe
13233688;2025-11-18;1763495100;World Cup Qual. UEFA B;Europe
13233689;2025-11-18;1763495100;World Cup Qual. UEFA C;Europe
13233690;2025-11-18;1763495100;World Cup Qual. UEFA C;Europe
13233691;2025-11-18;1763495100;World Cup Qual. UEFA E;Europe
13233692;2025-11-18;1763495100;World Cup Qual. UEFA E;Europe
13233693;2025-11-18;1763495100;World Cup Qual. UEFA H;Europe
13233694;2025-11-18;1763495100;World Cup Qual. UEFA H;Europe
13233695;2025-11-18;1763495100;World Cup Qual. UEFA J;Europe
13233696;2025-11-18;1763495100;World Cup Qual. UEFA J;Europe
13324466;2025-01-18;1737230400;Int. Friendly Games;World
13343376;2025-06-29;1751238000;CONCACAF Gold Cup, Knockout stage;North & Central America
13424932;2025-12-21;1766343600;Africa Cup of Nations, Group A;Africa
13424933;2025-12-22;1766412000;Africa Cup of Nations, Group A;Africa
13424935;2025-12-22;1766433600;Africa Cup of Nations, Group B;Africa
13424936;2025-12-22;1766422800;Africa Cup of Nations, Group B;Africa
13424937;2025-12-23;1766511000;Africa Cup of Nations, Group C;Africa
13424938;2025-12-23;1766520000;Africa Cup of Nations, Group C;Africa
13424939;2025-12-23;1766502000;Africa Cup of Nations, Group D;Africa
13424940;2025-12-23;1766493000;Africa Cup of Nations, Group D;Africa
13424941;2025-12-24;1766588400;Africa Cup of Nations, Group E;Africa
13424942;2025-12-24;1766579400;Africa Cup of Nations, Group E;Africa
13424943;2025-12-24;1766597400;Africa Cup of Nations, Group F;Africa
13424944;2025-12-24;1766606400;Africa Cup of Nations, Group F;Africa
13424945;2025-12-26;1766779200;Africa Cup of Nations, Group A;Africa
13424946;2025-12-26;1766770200;Africa Cup of Nations, Group A;Africa
13424947;2025-12-26;1766761200;Africa Cup of Nations, Group B;Africa
13424948;2025-12-26;1766752200;Africa Cup of Nations, Group B;Africa
13424949;2025-12-27;1766865600;Africa Cup of Nations, Group C;Africa
13424950;2026-06-05;1780660800;Int. Friendly Games;World
13424951;2025-12-27;1766847600;Africa Cup of Nations, Group D;Africa
13424953;2025-12-27;1766838600;Africa Cup of Nations, Group D;Africa
13424954;2025-12-28;1766943000;Africa Cup of Nations, Group E;Africa
13424955;2025-12-28;1766934000;Africa Cup of Nations, Group E;Africa
13424956;2025-12-28;1766952000;Africa Cup of Nations, Group F;Africa
13424957;2025-12-28;1766925000;Africa Cup of Nations, Group F;Africa
13424958;2025-12-29;1767034800;Africa Cup of Nations, Group A;Africa
13424959;2025-12-29;1767034800;Africa Cup of Nations, Group A;Africa
13424960;2025-12-29;1767024000;Africa Cup of Nations, Group B;Africa
13424961;2025-12-29;1767024000;Africa Cup of Nations, Group B;Africa
13424963;2025-12-30;1767110400;Africa Cup of Nations, Group C;Africa
13424964;2025-12-30;1767110400;Africa Cup of Nations, Group C;Africa
13424965;2025-12-30;1767121200;Africa Cup of Nations, Group D;Africa
13424966;2025-12-30;1767121200;Africa Cup of Nations, Group D;Africa
13424967;2025-12-31;1767196800;Africa Cup of Nations, Group E;Africa
13424968;2025-12-31;1767196800;Africa Cup of Nations, Group E;Africa
13424969;2025-12-31;1767207600;Africa Cup of Nations, Group F;Africa
13424970;2025-12-31;1767207600;Africa Cup of Nations, Group F;Africa
13446063;2025-02-08;1739057400;Int. Friendly Games;World
13563695;2025-03-21;1742586300;Int. Friendly Games;World
13563699;2025-03-25;1742931900;Int. Friendly Games;World
13640812;2025-03-20;1742493600;Int. Friendly Games;World
13649218;2025-03-23;1742767200;CONCACAF Nations League, Finals;North & Central America
13649219;2026-01-23;1769130000;Int. Friendly Games;World
13755485;2025-06-15;1749953700;CONCACAF Gold Cup, Group A;North & Central America
13755487;2025-06-19;1750298400;CONCACAF Gold Cup, Group A;North & Central America
13755494;2025-06-23;1750644000;CONCACAF Gold Cup, Group A;North & Central America
13755496;2025-06-18;1750213800;CONCACAF Gold Cup, Group B;North & Central America
13755499;2025-06-21;1750546800;CONCACAF Gold Cup, Group B;North & Central America
13755501;2025-06-25;1750816800;CONCACAF Gold Cup, Group B;North & Central America
13755502;2025-06-16;1750114800;CONCACAF Gold Cup, Group C;North & Central America
13755503;2025-06-17;1750125600;CONCACAF Gold Cup, Group C;North & Central America
13755504;2025-11-14;1763085600;World Cup Qual. CONCACAF Group A;North & Central America
13755506;2025-06-24;1750806000;CONCACAF Gold Cup, Group C;North & Central America
13755507;2025-06-24;1750806000;CONCACAF Gold Cup, Group C;North & Central America
13755508;2025-06-15;1750024800;CONCACAF Gold Cup, Group D;North & Central America
13755509;2025-06-16;1750032900;CONCACAF Gold Cup, Group D;North & Central America
13755511;2025-06-19;1750373100;CONCACAF Gold Cup, Group D;North & Central America
13755512;2025-06-20;1750382100;CONCACAF Gold Cup, Group D;North & Central America
13755513;2025-06-22;1750633200;CONCACAF Gold Cup, Group D;North & Central America
13856220;2025-06-05;1749164400;World Cup Qualification, CONMEBOL;South America
13856221;2025-06-05;1749164400;World Cup Qualification, CONMEBOL;South America
13856222;2025-06-06;1749241800;World Cup Qualification, CONMEBOL;South America
13856223;2025-06-06;1749171600;World Cup Qualification, CONMEBOL;South America
13856224;2025-06-11;1749600000;World Cup Qualification, CONMEBOL;South America
13856225;2025-06-06;1749247200;World Cup Qualification, CONMEBOL;South America
13856226;2025-06-11;1749605400;World Cup Qualification, CONMEBOL;South America
13856227;2025-06-10;1749585600;World Cup Qualification, CONMEBOL;South America
13856228;2025-06-10;1749596400;World Cup Qualification, CONMEBOL;South America
13856229;2025-06-11;1749602700;World Cup Qualification, CONMEBOL;South America
13878564;2025-06-10;1749581100;Int. Friendly Games;World
13878567;2025-06-10;1749574800;Int. Friendly Games;World
13878568;2025-06-10;1749574800;Int. Friendly Games;World
13888378;2025-06-07;1749326400;Int. Friendly Games;World
13888379;2025-06-07;1749315600;Int. Friendly Games;World
13888415;2025-06-11;1749603600;Int. Friendly Games;World
13888416;2025-09-04;1757001600;Int. Friendly Games;World
13889925;2025-06-07;1749324600;Int. Friendly Games;World
13889926;2026-06-26;1782439200;FIFA World Cup, Group D;World
13894329;2025-06-06;1749240000;Int. Friendly Games;World
13931255;2025-06-09;1749495600;Int. Friendly Games;World
13938605;2025-07-07;1751886000;EAFF E-1 Football Championship;Asia
13938606;2025-07-08;1751970240;EAFF E-1 Football Championship;Asia
13938607;2025-07-11;1752231600;EAFF E-1 Football Championship;Asia
13938608;2025-07-12;1752315840;EAFF E-1 Football Championship;Asia
13938609;2025-07-15;1752562800;EAFF E-1 Football Championship;Asia
13938610;2025-07-15;1752575040;EAFF E-1 Football Championship;Asia
13938617;2025-06-04;1749052800;COSAFA Cup, Group A;Africa
13938618;2025-06-10;1749576600;Int. Friendly Games;World
13938623;2025-06-07;1749290400;COSAFA Cup, Group A;Africa
13938624;2025-12-29;1767024000;Africa Cup of Nations, Group B;Africa
13938629;2025-06-09;1749474000;COSAFA Cup, Group C;Africa
13938639;2025-06-10;1749560400;COSAFA Cup, Group A;Africa
13952138;2025-06-06;1749235500;Int. Friendly Games;World
13957333;2025-10-15;1760493600;World Cup Qual. CONCACAF Group A;North & Central America
13963151;2025-06-11;1749601800;Int. Friendly Games;World
13963590;2025-06-11;1749646800;COSAFA Cup, Group C;Africa
13974678;2025-06-09;1749499200;Int. Friendly Games;World
13974681;2025-06-11;1749600000;Int. Friendly Games;World
13975700;2025-06-06;1749231000;Int. Friendly Games;World
13982214;2025-11-26;1764162000;Arab Cup, Qualification;World
13988156;2025-06-10;1749576600;Int. Friendly Games;World
13988174;2025-06-09;1749495600;Int. Friendly Games;World
13999954;2025-06-13;1749830400;COSAFA Cup, Knockout stage;Africa
14000197;2025-07-02;1751497200;CONCACAF Gold Cup, Knockout stage;North & Central America
14000198;2025-07-03;1751508000;CONCACAF Gold Cup, Knockout stage;North & Central America
14000199;2025-06-29;1751238000;CONCACAF Gold Cup, Knockout stage;North & Central America
14000200;2025-06-28;1751152500;CONCACAF Gold Cup, Knockout stage;North & Central America
14000201;2025-06-29;1751163300;CONCACAF Gold Cup, Knockout stage;North & Central America
14000202;2025-07-06;1751842800;CONCACAF Gold Cup, Knockout stage;North & Central America
14000203;2026-01-18;1768705200;Int. Friendly Games;World
14008248;2025-12-22;1766422800;Africa Cup of Nations, Group B;Africa
14058088;2026-01-03;1767466800;Africa Cup of Nations, Knockout stage;Africa
14058090;2026-01-05;1767628800;Africa Cup of Nations, Knockout stage;Africa
14058091;2026-01-17;1768665600;Africa Cup of Nations, Knockout stage;Africa
14058092;2026-01-04;1767553200;Africa Cup of Nations, Knockout stage;Africa
14058093;2026-01-10;1768060800;Africa Cup of Nations, Knockout stage;Africa
14058094;2026-01-10;1768071600;Africa Cup of Nations, Knockout stage;Africa
14058095;2026-01-06;1767726000;Africa Cup of Nations, Knockout stage;Africa
14058096;2026-01-09;1767985200;Africa Cup of Nations, Knockout stage;Africa
14058097;2026-01-09;1767974400;Africa Cup of Nations, Knockout stage;Africa
14058098;2026-01-04;1767542400;Africa Cup of Nations, Knockout stage;Africa
14058099;2026-01-06;1767715200;Africa Cup of Nations, Knockout stage;Africa
14058100;2026-01-05;1767639600;Africa Cup of Nations, Knockout stage;Africa
14058101;2026-01-14;1768420800;Africa Cup of Nations, Knockout stage;Africa
14058102;2026-01-03;1767456000;Africa Cup of Nations, Knockout stage;Africa
14058103;2026-01-14;1768410000;Africa Cup of Nations, Knockout stage;Africa
14085002;2025-08-03;1754222400;African Nations Championship, Group A;Africa
14085004;2025-08-03;1754233200;African Nations Championship, Group A;Africa
14085007;2025-10-14;1760457600;World Cup Qualification, CAF, Group G;Africa
14085009;2025-08-05;1754413200;African Nations Championship, Group D;Africa
14085012;2025-12-16;1765897200;Int. Friendly Games;World
14085014;2025-08-08;1754661600;African Nations Championship, Group C;Africa
14085018;2025-08-10;1754827200;African Nations Championship, Group A;Africa
14085020;2025-08-11;1754920800;African Nations Championship, Group C;Africa
14085022;2025-08-12;1755007200;African Nations Championship, Group D;Africa
14085027;2025-12-29;1767034800;Africa Cup of Nations, Group A;Africa
14085028;2025-08-14;1755190800;African Nations Championship, Group A;Africa
14085029;2025-09-08;1757347200;World Cup Qualification, CAF, Group G;Africa
14085030;2025-08-15;1755277200;African Nations Championship, Group C;Africa
14085034;2025-08-17;1755432000;African Nations Championship, Group A;Africa
14085035;2025-08-18;1755536400;African Nations Championship, Group C;Africa
14085036;2025-08-18;1755536400;African Nations Championship, Group C;Africa
14085038;2026-01-03;1767456000;Africa Cup of Nations, Knockout stage;Africa
14112796;2026-02-21;1771682400;Derde Divisie B;Netherlands Amateur
14112822;2026-02-28;1772285400;Derde Divisie B;Netherlands Amateur
14112852;2026-03-07;1772892000;Derde Divisie B;Netherlands Amateur
14112864;2026-03-14;1773507600;Derde Divisie B;Netherlands Amateur
14112919;2026-03-28;1774704600;Derde Divisie B;Netherlands Amateur
14112937;2026-04-11;1775912400;Derde Divisie B;Netherlands Amateur
14112964;2026-04-18;1776528000;Derde Divisie B;Netherlands Amateur
14113007;2026-04-25;1777122000;Derde Divisie B;Netherlands Amateur
14113017;2026-05-09;1778329800;Derde Divisie B;Netherlands Amateur
14113124;2026-05-16;1778938200;Derde Divisie B;Netherlands Amateur
14113152;2026-01-17;1768656600;Derde Divisie B;Netherlands Amateur
14113164;2026-01-24;1769263200;Derde Divisie B;Netherlands Amateur
14113178;2026-01-31;1769868000;Derde Divisie B;Netherlands Amateur
14113185;2026-02-07;1770483600;Derde Divisie B;Netherlands Amateur
14113197;2026-02-21;1771682400;Derde Divisie B;Netherlands Amateur
14113202;2026-02-28;1772285400;Derde Divisie B;Netherlands Amateur
14113215;2026-03-07;1772892000;Derde Divisie B;Netherlands Amateur
14113223;2026-03-14;1773507600;Derde Divisie B;Netherlands Amateur
14113232;2026-03-21;1774101600;Derde Divisie B;Netherlands Amateur
14113243;2026-03-28;1774704600;Derde Divisie B;Netherlands Amateur
14113253;2026-04-11;1775912400;Derde Divisie B;Netherlands Amateur
14113262;2026-04-18;1776528000;Derde Divisie B;Netherlands Amateur
14113275;2026-04-25;1777122000;Derde Divisie B;Netherlands Amateur
14113282;2026-05-09;1778329800;Derde Divisie B;Netherlands Amateur
14169214;2025-09-09;1757460600;World Cup Qualification, CONMEBOL;South America
14169215;2025-10-11;1760140800;Int. Friendly Games;World
14169216;2025-09-04;1757028600;World Cup Qualification, CONMEBOL;South America
14169217;2025-09-04;1757028600;World Cup Qualification, CONMEBOL;South America
14169218;2025-09-09;1757458800;World Cup Qualification, CONMEBOL;South America
14169219;2025-09-05;1757032200;World Cup Qualification, CONMEBOL;South America
14169220;2025-09-09;1757460600;World Cup Qualification, CONMEBOL;South America
14169221;2025-09-04;1757028600;World Cup Qualification, CONMEBOL;South America
14169222;2025-09-09;1757460600;World Cup Qualification, CONMEBOL;South America
14169223;2025-09-09;1757460600;World Cup Qualification, CONMEBOL;South America
14206121;2025-10-08;1759935600;World Cup Qualification, AFC, Round 4, Gr. A;Asia
14206123;2025-10-11;1760202900;World Cup Qualification, AFC, Round 4, Gr. A;Asia
14206124;2025-10-11;1760211000;World Cup Qualification, AFC, Round 4, Gr. B;Asia
14206125;2025-10-14;1760461200;World Cup Qualification, AFC, Round 4, Gr. A;Asia
14206126;2025-10-14;1760467500;World Cup Qualification, AFC, Round 4, Gr. B;Asia
14261851;2025-11-19;1763514000;World Cup Qual. CONCACAF Group B;North & Central America
14261853;2025-10-14;1760407200;World Cup Qual. CONCACAF Group C;North & Central America
14261855;2025-11-14;1763085600;World Cup Qual. CONCACAF Group C;North & Central America
14261856;2025-10-14;1760482800;World Cup Qual. CONCACAF Group B;North & Central America
14261857;2025-11-19;1763514000;World Cup Qual. CONCACAF Group C;North & Central America
14261858;2025-11-14;1763078400;World Cup Qual. CONCACAF Group B;North & Central America
14265554;2025-07-26;1753538400;Club Friendly Games;World
14270885;2025-10-15;1760490000;World Cup Qual. CONCACAF Group A;North & Central America
14270886;2025-10-15;1760493600;World Cup Qual. CONCACAF Group A;North & Central America
14270887;2025-11-19;1763514000;World Cup Qual. CONCACAF Group A;North & Central America
14270888;2025-11-19;1763514000;World Cup Qual. CONCACAF Group A;North & Central America
14270889;2025-10-14;1760482800;World Cup Qual. CONCACAF Group B;North & Central America
14270890;2025-11-19;1763514000;World Cup Qual. CONCACAF Group A;North & Central America
14270891;2025-10-15;1760486400;World Cup Qual. CONCACAF Group B;North & Central America
14270892;2025-11-14;1763078400;World Cup Qual. CONCACAF Group B;North & Central America
14270893;2025-11-13;1763071200;World Cup Qual. CONCACAF Group A;North & Central America
14270894;2025-10-15;1760486400;World Cup Qual. CONCACAF Group B;North & Central America
14270895;2025-10-15;1760490000;World Cup Qual. CONCACAF Group A;North & Central America
14270896;2025-11-14;1763078400;World Cup Qual. CONCACAF Group B;North & Central America
14270897;2025-11-19;1763514000;World Cup Qual. CONCACAF Group A;North & Central America
14270898;2025-11-14;1763085600;World Cup Qual. CONCACAF Group A;North & Central America
14270899;2025-11-19;1763514000;World Cup Qual. CONCACAF Group B;North & Central America
14270900;2025-11-13;1763071200;World Cup Qual. CONCACAF Group A;North & Central America
14270901;2025-11-14;1763078400;World Cup Qual. CONCACAF Group B;North & Central America
14270902;2025-11-19;1763514000;World Cup Qual. CONCACAF Group B;North & Central America
14270903;2025-10-15;1760493600;World Cup Qual. CONCACAF Group A;North & Central America
14270904;2025-11-14;1763085600;World Cup Qual. CONCACAF Group A;North & Central America
14270905;2025-11-19;1763514000;World Cup Qual. CONCACAF Group B;North & Central America
14270906;2025-10-14;1760400000;World Cup Qual. CONCACAF Group C;North & Central America
14270907;2025-11-14;1763085600;World Cup Qual. CONCACAF Group C;North & Central America
14270908;2025-11-14;1763085600;World Cup Qual. CONCACAF Group C;North & Central America
14270909;2025-11-14;1763085600;World Cup Qual. CONCACAF Group C;North & Central America
14270910;2025-10-14;1760407200;World Cup Qual. CONCACAF Group C;North & Central America
14270911;2025-10-14;1760400000;World Cup Qual. CONCACAF Group C;North & Central America
14270912;2025-11-19;1763514000;World Cup Qual. CONCACAF Group C;North & Central America
14270913;2025-11-19;1763514000;World Cup Qual. CONCACAF Group C;North & Central America
14270916;2025-11-19;1763514000;World Cup Qual. CONCACAF Group C;North & Central America
14287815;2025-07-31;1753975800;Club Friendly Games;World
14360660;2025-09-04;1757005200;Int. Friendly Games;World
14371950;2025-09-07;1757258100;Int. Friendly Games;World
14391166;2025-10-14;1760461200;Int. Friendly Games;World
14443998;2025-11-12;1762966800;Int. Friendly Games;World
14488139;2026-01-04;1767542400;Africa Cup of Nations, Knockout stage;Africa
14488166;2025-08-23;1755957600;African Nations Championship, Knockout stage;Africa
14488174;2025-12-24;1766588400;Africa Cup of Nations, Group E;Africa
14488278;2025-09-02;1756814400;CAFA Nations Cup, Group A;Asia
14488279;2025-09-02;1756823400;CAFA Nations Cup, Group A;Asia
14488280;2025-09-05;1757082600;CAFA Nations Cup, Group A;Asia
14488282;2025-09-05;1757073600;CAFA Nations Cup, Group A;Asia
14488283;2025-08-29;1756468800;CAFA Nations Cup, Group B;Asia
14488285;2025-09-01;1756728000;CAFA Nations Cup, Group B;Asia
14529416;2026-01-18;1768762800;Africa Cup of Nations, Knockout stage;Africa
14530390;2025-08-24;1756049400;Int. Friendly Games;World
14545017;2025-09-08;1757347200;FIFA World Cup, Qualification CAF, Group A;Africa
14552798;2026-01-03;1767456000;Africa Cup of Nations, Knockout stage;Africa
14552802;2026-06-02;1780419600;Int. Friendly Games;World
14553325;2025-09-06;1757192400;Int. Friendly Games;World
14553326;2025-10-11;1760142600;Int. Friendly Games;World
14553327;2026-06-19;1781830800;FIFA World Cup, Group A;World
14553328;2026-06-19;1781895600;FIFA World Cup, Group D;World
14553329;2025-09-07;1757210400;Int. Friendly Games;World
14553330;2025-09-09;1757401200;Int. Friendly Games;World
14553331;2025-10-09;1760035500;Int. Friendly Games;World
14553332;2025-09-09;1757460600;Int. Friendly Games;World
14553333;2025-09-09;1757401200;Int. Friendly Games;World
14561709;2025-10-14;1760437800;Int. Friendly Games;World
14569518;2025-09-04;1756998000;Int. Friendly Games;World
14569526;2025-09-05;1757095200;Int. Friendly Games;World
14589504;2025-09-04;1756999800;CAFA Nations Cup, Group B;Asia
14595237;2025-09-09;1757443500;Int. Friendly Games;World
14605760;2025-09-03;1756912500;Int. Friendly Games;World
14605769;2025-10-09;1760032800;Int. Friendly Games;World
14605770;2025-10-09;1760035500;Int. Friendly Games;World
14605771;2025-10-10;1760115600;Int. Friendly Games;World
14605773;2025-10-10;1760139000;Int. Friendly Games;World
14605774;2025-10-14;1760457600;Int. Friendly Games;World
14636438;2025-09-08;1757332800;CAFA Nations Cup, Knockout round;Asia
14636439;2025-11-18;1763481600;Int. Friendly Games;World
14642650;2025-09-09;1757444400;Int. Friendly Games;World
14644673;2025-09-09;1757437200;Int. Friendly Games;World
14784774;2025-10-12;1760230800;Int. Friendly Games;World
14784775;2025-10-15;1760486400;Int. Friendly Games;World
14787861;2025-10-15;1760486400;Int. Friendly Games;World
14787862;2025-10-15;1760495400;Int. Friendly Games;World
14787863;2025-10-11;1760140800;Int. Friendly Games;World
14794176;2025-10-10;1760094000;Int. Friendly Games;World
14801771;2025-10-10;1760091600;Int. Friendly Games;World
14820015;2025-10-09;1760014800;Int. Friendly Games;World
14832014;2025-10-09;1760036400;Int. Friendly Games;World
14849690;2025-11-18;1763485200;Int. Friendly Games;World
14849701;2025-10-14;1760439600;Int. Friendly Games;World
14854068;2025-10-10;1760100300;Int. Friendly Games;World
14859104;2025-11-13;1763053200;Int. Friendly Games;World
14859105;2025-11-17;1763398800;Int. Friendly Games;World
14864078;2025-10-13;1760359500;Int. Friendly Games;World
14895300;2025-11-18;1763481600;World Cup Qualification, AFC, Round 5;Asia
14895302;2025-11-18;1763481600;World Cup Qualification, AFC, Round 5;Asia
14925456;2025-11-15;1763222400;Int. Friendly Games;World
14925483;2025-11-18;1763494200;Int. Friendly Games;World
14935677;2025-11-13;1763060400;World Cup Qual. CAF;Africa
14935681;2025-11-13;1763049600;World Cup Qual. CAF;Africa
14956326;2025-11-15;1763218800;Int. Friendly Games;World
14960751;2025-12-06;1765045800;Arab Cup, Group C;World
14960752;2025-12-08;1765213200;Arab Cup, Group B;World
14960753;2025-12-07;1765126800;Arab Cup, Group A;World
14960755;2025-12-03;1764781200;Arab Cup, Group C;World
14960756;2025-12-09;1765290600;Arab Cup, Group C;World
14965926;2025-12-09;1765299600;Arab Cup, Group D;World
14990872;2025-11-14;1763118000;Int. Friendly Games;World
14993711;2025-11-18;1763463600;Int. Friendly Games;World
14994220;2025-11-18;1763483400;Int. Friendly Games;World
14994221;2025-11-14;1763115600;Int. Friendly Games;World
14994223;2025-11-14;1763146800;Int. Friendly Games;World
14994224;2025-11-19;1763515800;Int. Friendly Games;World
14994225;2025-11-18;1763460900;Int. Friendly Games;World
14994226;2025-11-15;1763173800;Int. Friendly Games;World
14994227;2025-11-14;1763080200;Int. Friendly Games;World
14994228;2025-11-16;1763254800;Int. Friendly Games;World
14994229;2025-11-19;1763510400;Int. Friendly Games;World
14994231;2025-11-18;1763492400;Int. Friendly Games;World
14994232;2025-11-13;1763051400;Int. Friendly Games;World
14994235;2026-06-13;1781312400;FIFA World Cup, Group D;World
15016613;2025-11-12;1762965900;Int. Friendly Games;World
15016650;2025-11-13;1763037000;Int. Friendly Games;World
15016652;2025-11-14;1763136000;Int. Friendly Games;World
15027618;2025-11-19;1763515800;Int. Friendly Games;World
15028149;2026-03-21;1774101600;Derde Divisie B;Netherlands Amateur
15033103;2025-11-18;1763478000;Int. Friendly Games;World
15035393;2025-11-16;1763253000;Int. Friendly Games;World
15037767;2025-11-18;1763485200;Int. Friendly Games;World
15039639;2025-11-14;1763136000;Int. Friendly Games;World
15042286;2025-11-14;1763138700;Int. Friendly Games;World
15042287;2025-11-15;1763211600;Int. Friendly Games;World
15087384;2025-11-16;1763319600;World Cup Qual. CAF;Africa
15110368;2025-11-17;1763397000;Int. Friendly Games;World
15113204;2025-11-18;1763481600;Int. Friendly Games;World
15113205;2025-11-19;1763515800;Int. Friendly Games;World
15113243;2025-11-19;1763515800;Int. Friendly Games;World
15122626;2026-03-31;1774990800;FIFA World Cup Qual, Inter-Confed. Playoffs;World
15122651;2026-04-01;1775012400;FIFA World Cup Qual, Inter-Confed. Playoffs;World
15126889;2026-03-27;1774580400;FIFA World Cup Qual, Inter-Confed. Playoffs;World
15126892;2026-03-26;1774562400;FIFA World Cup Qual, Inter-Confed. Playoffs;World
15126909;2026-03-26;1774554300;World Cup Qual. UEFA Playoffs;Europe
15126910;2026-03-26;1774554300;World Cup Qual. UEFA Playoffs;Europe
15126911;2026-03-26;1774554300;World Cup Qual. UEFA Playoffs;Europe
15126912;2026-03-26;1774554300;World Cup Qual. UEFA Playoffs;Europe
15126914;2026-03-26;1774554300;World Cup Qual. UEFA Playoffs;Europe
15126915;2026-03-26;1774554300;World Cup Qual. UEFA Playoffs;Europe
15126916;2026-03-26;1774544400;World Cup Qual. UEFA Playoffs;Europe
15126917;2026-03-26;1774554300;World Cup Qual. UEFA Playoffs;Europe
15129795;2026-03-31;1774982700;World Cup Qual. UEFA Playoffs;Europe
15129802;2026-03-31;1774982700;World Cup Qual. UEFA Playoffs;Europe
15129804;2026-03-31;1774982700;World Cup Qual. UEFA Playoffs;Europe
15129806;2026-03-31;1774982700;World Cup Qual. UEFA Playoffs;Europe
15153259;2025-12-01;1764594000;Arab Cup, Group A;World
15153260;2025-12-01;1764603900;Arab Cup, Group A;World
15153261;2025-12-21;1766343600;Africa Cup of Nations, Group A;Africa
15153262;2025-12-02;1764685800;Arab Cup, Group C;World
15153263;2025-12-02;1764694800;Arab Cup, Group B;World
15153266;2025-12-24;1766588400;Africa Cup of Nations, Group E;Africa
15153269;2025-12-03;1764772200;Arab Cup, Group D;World
15153270;2025-12-04;1764858600;Arab Cup, Group A;World
15153271;2025-12-04;1764867600;Arab Cup, Group A;World
15153594;2025-12-07;1765126800;Arab Cup, Group A;World
15153596;2025-12-05;1764945000;Arab Cup, Group B;World
15153598;2025-12-06;1765018800;Arab Cup, Group C;World
15153599;2025-12-09;1765290600;Arab Cup, Group C;World
15153600;2025-12-05;1764959400;Arab Cup, Group B;World
15153601;2025-12-06;1765027800;Arab Cup, Group D;World
15153602;2025-12-08;1765213200;Arab Cup, Group B;World
15153603;2025-12-06;1765036800;Arab Cup, Group D;World
15153604;2025-12-09;1765299600;Arab Cup, Group D;World
15184398;2026-03-31;1774998000;Int. Friendly Games;World
15184402;2026-03-28;1774726200;Int. Friendly Games;World
15198747;2025-12-11;1765463400;Arab Cup, Knockout Stage;World
15198748;2025-12-11;1765474200;Arab Cup, Knockout Stage;World
15204054;2025-12-12;1765549800;Arab Cup, Knockout Stage;World
15204057;2025-12-12;1765560600;Arab Cup, Knockout Stage;World
15215551;2025-12-15;1765819800;Arab Cup, Knockout Stage;World
15216895;2025-12-15;1765809000;Arab Cup, Knockout Stage;World
15227075;2025-12-18;1766055600;Arab Cup, Knockout Stage;World
15227077;2025-12-18;1766073600;Arab Cup, Knockout Stage;World
15248874;2025-12-21;1766349000;Int. Friendly Games;World
15332281;2026-03-26;1774567800;Int. Friendly Games;World
15332282;2026-04-01;1775001600;Int. Friendly Games;World
15341366;2026-03-26;1774555200;Int. Friendly Games;World
15362807;2026-01-18;1768705200;Int. Friendly Games;World
15362809;2026-01-23;1769130000;Int. Friendly Games;World
15362810;2026-01-25;1769369400;Int. Friendly Games;World
15362811;2026-02-26;1772071200;Int. Friendly Games;World
15362812;2026-03-27;1774640700;Int. Friendly Games;World
15362813;2026-03-30;1774896300;Int. Friendly Games;World
15366472;2026-03-27;1774640700;Int. Friendly Games;World
15366476;2026-03-31;1774982700;Int. Friendly Games;World
15366477;2026-03-31;1774982700;Int. Friendly Games;World
15366478;2026-03-27;1774640700;Int. Friendly Games;World
15366480;2026-03-31;1774972800;Int. Friendly Games;World
15372901;2026-03-31;1774983600;Int. Friendly Games;World
15372905;2026-04-01;1775005200;Int. Friendly Games;World
15379540;2026-02-14;1771077600;Derde Divisie B;Netherlands Amateur
15396516;2026-03-28;1774717200;Int. Friendly Games;World
15400661;2026-03-27;1774580400;FIFA Series, New Zealand ;World
15400662;2026-03-27;1774592100;FIFA Series, New Zealand ;World
15400664;2026-03-30;1774839600;FIFA Series, New Zealand ;World
15437151;2026-03-27;1774630800;Int. Friendly Games;World
15437152;2026-03-26;1774544400;Int. Friendly Games;World
15437153;2026-03-28;1774717200;Int. Friendly Games;World
15437862;2026-03-27;1774602600;FIFA Series, Australia;World
15437863;2026-03-29;1774746000;Int. Friendly Games;World
15437864;2026-03-31;1774948200;FIFA Series, Australia;World
15458672;2026-03-26;1774544400;Int. Friendly Games;World
15533869;2026-03-27;1774642500;Int. Friendly Games;World
15533871;2026-03-31;1774980000;Int. Friendly Games;World
15598098;2026-03-28;1774713600;Int. Friendly Games;World
15598101;2026-03-31;1774981800;Int. Friendly Games;World
15598110;2026-03-27;1774639800;Int. Friendly Games;World
15617773;2026-03-31;1774936800;FIFA Series, Australia;World
15617776;2026-03-27;1774620000;FIFA Series, Uzbekistan ;World
15617781;2026-03-30;1774879200;FIFA Series, Uzbekistan ;World
15621386;2026-03-27;1774591200;FIFA Series, Australia;World
15650607;2026-03-31;1774980000;Int. Friendly Games;World
15655701;2026-03-29;1774810800;Int. Friendly Games;World
15680561;2026-03-28;1774717200;Int. Friendly Games;World
15680562;2026-03-29;1774742400;Int. Friendly Games;World
15691369;2026-03-31;1774978200;Int. Friendly Games;World
15691370;2026-03-31;1774976400;Int. Friendly Games;World
15691372;2026-03-31;1774982700;Int. Friendly Games;World
15691374;2026-04-01;1775005200;Int. Friendly Games;World
15718024;2026-03-30;1774851300;FIFA Series, New Zealand ;World
15776614;2026-03-27;1774629000;Int. Friendly Games;World
15776615;2026-03-31;1774978200;Int. Friendly Games;World
15776616;2026-03-28;1774706400;Int. Friendly Games;World
15776619;2026-03-31;1774978200;Int. Friendly Games;World
15794173;2026-03-27;1774641600;Int. Friendly Games;World
15842566;2026-03-31;1774972800;Int. Friendly Games;World
15847002;2026-03-27;1774653300;Int. Friendly Games;World
15859096;2026-03-27;1774632600;Int. Friendly Games;World
15884050;2026-03-31;1774999800;Int. Friendly Games;World
15888803;2026-03-31;1774976400;Int. Friendly Games;World
15891476;2026-03-31;1774982700;Int. Friendly Games;World
15891665;2026-03-31;1774982700;Int. Friendly Games;World
